animal_id,date_samplecollection,edta_1,edta_1_position,edta_1_available,edta_2,edta_2_position,edta_2_available,edta_3,edta_3_position,edta_3_available,serum_1,serum_1_position,serum_1_available,serum_2_box,serum_2_position,serum_2_available,serum_3,serum_3_position,serum_3_available,serum_4,serum_4_position,serum_4_available,hep_1,hep_1_position,hep_1_available,hep_2,hep_2_position,hep_2_available,hep_3,hep_3_position,hep_3_available,surplus,surplus_position,surplus_available,hair,FTA_1,FTA_2,FTA_3,infant_sample,comment
24AA01_5O8B,29/02/2024,Box 1A,A1,FALSE,Box 1B,A1,FALSE,Box 1C,,FALSE,Box 1D,,FALSE,Box 1E,A1,FALSE,Box 1F,A1,FALSE,Box 1G,A1,FALSE,Box 1H,A1,FALSE,Box 1I,A1,FALSE,Box 1J,A1,FALSE,Box 1K,,,,,,,,
24AA02_3Z5I,29/02/2024,Box 1A,A2,FALSE,Box 1B,A2,FALSE,Box 1C,,FALSE,Box 1D,,FALSE,Box 1E,A2,FALSE,Box 1F,A2,FALSE,Box 1G,A2,FALSE,Box 1H,A2,FALSE,Box 1I,A2,FALSE,Box 1J,A2,FALSE,Box 1K,,,,,,,,
24AA03_2A1P,29/02/2024,Box 1A,A3,FALSE,Box 1B,A3,FALSE,Box 1C,,FALSE,Box 1D,,FALSE,Box 1E,A3,FALSE,Box 1F,A3,FALSE,Box 1G,A3,FALSE,Box 1H,A3,FALSE,Box 1I,A3,FALSE,Box 1J,A3,FALSE,Box 1K,,,,,,,,
24AA04_4Q6G,,Box 1A,A4,FALSE,Box 1B,A4,FALSE,Box 1C,,FALSE,Box 1D,,FALSE,Box 1E,A4,FALSE,Box 1F,A4,FALSE,Box 1G,A4,FALSE,Box 1H,A4,FALSE,Box 1I,A4,FALSE,Box 1J,A4,FALSE,Box 1K,,,,,,,,
24AA05_4I0L,03/04/2024,Box 1A,A5,FALSE,Box 1B,A5,FALSE,Box 1C,,FALSE,Box 1D,,FALSE,Box 1E,A5,FALSE,Box 1F,A5,FALSE,Box 1G,A5,FALSE,Box 1H,A5,FALSE,Box 1I,A5,FALSE,Box 1J,A5,FALSE,Box 1K,,,,,,,,
24AA06_5I8Y,03/04/2024,Box 1A,A6,FALSE,Box 1B,A6,FALSE,Box 1C,,FALSE,Box 1D,,FALSE,Box 1E,A6,FALSE,Box 1F,A6,FALSE,Box 1G,A6,FALSE,Box 1H,A6,FALSE,Box 1I,A6,FALSE,Box 1J,A6,FALSE,Box 1K,,,,,,,,
24AA07,,Box 1A,A7,FALSE,Box 1B,A7,FALSE,Box 1C,,FALSE,Box 1D,,FALSE,Box 1E,A7,FALSE,Box 1F,A7,FALSE,Box 1G,A7,FALSE,Box 1H,A7,FALSE,Box 1I,A7,FALSE,Box 1J,A7,FALSE,Box 1K,,,,,,,,
24AA08,,Box 1A,A8,FALSE,Box 1B,A8,FALSE,Box 1C,,FALSE,Box 1D,,FALSE,Box 1E,A8,FALSE,Box 1F,A8,FALSE,Box 1G,A8,FALSE,Box 1H,A8,FALSE,Box 1I,A8,FALSE,Box 1J,A8,FALSE,Box 1K,,,,,,,,
24AA09_2Y9R,29/02/2024,Box 1A,A9,FALSE,Box 1B,A9,FALSE,Box 1C,,FALSE,Box 1D,,FALSE,Box 1E,A9,FALSE,Box 1F,A9,FALSE,Box 1G,A9,FALSE,Box 1H,A9,FALSE,Box 1I,A9,FALSE,Box 1J,A9,FALSE,Box 1K,,,,,,,,
24AA10_4R7W,01/03/2024,Box 1A,B1,FALSE,Box 1B,B1,FALSE,Box 1C,,FALSE,Box 1D,,FALSE,Box 1E,B1,FALSE,Box 1F,B1,FALSE,Box 1G,B1,FALSE,Box 1H,B1,FALSE,Box 1I,B1,FALSE,Box 1J,B1,FALSE,Box 1K,,,,,,,,
24AA11_9A7D,01/03/2024,Box 1A,B2,FALSE,Box 1B,B2,FALSE,Box 1C,,FALSE,Box 1D,,FALSE,Box 1E,B2,FALSE,Box 1F,B2,FALSE,Box 1G,B2,FALSE,Box 1H,B2,FALSE,Box 1I,B2,FALSE,Box 1J,B2,FALSE,Box 1K,,,,,,,,
24AA12_6P8Q,07/03/2024,Box 1A,B3,FALSE,Box 1B,B3,FALSE,Box 1C,,FALSE,Box 1D,,FALSE,Box 1E,B3,FALSE,Box 1F,B3,FALSE,Box 1G,B3,FALSE,Box 1H,B3,FALSE,Box 1I,B3,FALSE,Box 1J,B3,FALSE,Box 1K,,,,,,,,
24AA14_4N0F,10/03/2024,Box 1A,B4,FALSE,Box 1B,B4,FALSE,Box 1C,,FALSE,Box 1D,,FALSE,Box 1E,B4,FALSE,Box 1F,B4,FALSE,Box 1G,B4,FALSE,Box 1H,B4,FALSE,Box 1I,B4,FALSE,Box 1J,B4,FALSE,Box 1K,,,,,,,,
24AA15,,Box 1A,B5,FALSE,Box 1B,B5,FALSE,Box 1C,,FALSE,Box 1D,,FALSE,Box 1E,B5,FALSE,Box 1F,B5,FALSE,Box 1G,B5,FALSE,Box 1H,B5,FALSE,Box 1I,B5,FALSE,Box 1J,B5,FALSE,Box 1K,,,,,,,,
24AA16_9Q8P,07/03/2024,Box 1A,B6,TRUE,Box 1B,B6,FALSE,Box 1C,,FALSE,Box 1D,,TRUE,Box 1E,B6,TRUE,Box 1F,B6,,Box 1G,B6,,Box 1H,B6,TRUE,Box 1I,B6,,Box 1J,B6,,Box 1K,,,,,,,,
24AA18_6O2G,,Box 1A,B7,TRUE,Box 1B,B7,FALSE,Box 1C,,FALSE,Box 1D,,TRUE,Box 1E,B7,FALSE,Box 1F,B7,FALSE,Box 1G,B7,FALSE,Box 1H,B7,TRUE,Box 1I,B7,,Box 1J,B7,,Box 1K,,,,,,,,
24AB01_9Q7V,,Box 1A,B8,TRUE,Box 1B,B8,FALSE,Box 1C,,FALSE,Box 1D,,,Box 1E,B8,,Box 1F,B8,,Box 1G,B8,,Box 1H,B8,,Box 1I,B8,,Box 1J,B8,,Box 1K,,,,,,,,
24AB02_0Y5R,04/06/2024,Box 1A,B9,TRUE,Box 1B,B9,FALSE,Box 1C,,FALSE,Box 1D,,,Box 1E,B9,,Box 1F,B9,,Box 1G,B9,,Box 1H,B9,,Box 1I,B9,,Box 1J,B9,,Box 1K,,,,,,,,
24AB03_4D7N,04/06/2024,Box 1A,C1,TRUE,Box 1B,C1,FALSE,Box 1C,,FALSE,Box 1D,,,Box 1E,C1,,Box 1F,C1,,Box 1G,C1,,Box 1H,C1,,Box 1I,C1,,Box 1J,C1,,Box 1K,,,,,,,,
24AB04_0V2Z,04/06/2024,Box 1A,C2,TRUE,Box 1B,C2,FALSE,Box 1C,,FALSE,Box 1D,,,Box 1E,C2,,Box 1F,C2,,Box 1G,C2,,Box 1H,C2,,Box 1I,C2,,Box 1J,C2,,Box 1K,,,,,,,,
24AB05,04/06/2024,Box 1A,C3,FALSE,Box 1B,C3,FALSE,Box 1C,,FALSE,Box 1D,,,Box 1E,C3,,Box 1F,C3,,Box 1G,C3,,Box 1H,C3,,Box 1I,C3,,Box 1J,C3,,Box 1K,,,,,,,,
24AB06_3I2H,04/06/2024,Box 1A,C4,TRUE,Box 1B,C4,FALSE,Box 1C,,FALSE,Box 1D,,,Box 1E,C4,,Box 1F,C4,,Box 1G,C4,,Box 1H,C4,,Box 1I,C4,,Box 1J,C4,,Box 1K,,,,,,,,
24AB07_5J8U,04/06/2024,Box 1A,C5,FALSE,Box 1B,C5,FALSE,Box 1C,,FALSE,Box 1D,,,Box 1E,C5,,Box 1F,C5,,Box 1G,C5,,Box 1H,C5,,Box 1I,C5,,Box 1J,C5,,Box 1K,,,,,,,,
24AC01_1A2B,14/07/2024,Box 1A,C6,TRUE,Box 1B,C6,FALSE,Box 1C,,FALSE,Box 1D,,TRUE,Box 1E,C6,TRUE,Box 1F,C6,TRUE,Box 1G,C6,FALSE,Box 1H,C6,TRUE,Box 1I,C6,FALSE,Box 1J,C6,,Box 1K,,,,,,,,
24AC02_3C4D,14/07/2024,Box 1A,C7,TRUE,Box 1B,C7,FALSE,Box 1C,,FALSE,Box 1D,,TRUE,Box 1E,C7,TRUE,Box 1F,C7,TRUE,Box 1G,C7,FALSE,Box 1H,C7,TRUE,Box 1I,C7,FALSE,Box 1J,C7,,Box 1K,,,,,,,,
24AC03_5E6F,14/07/2024,Box 1A,C8,TRUE,Box 1B,C8,FALSE,Box 1C,,FALSE,Box 1D,,TRUE,Box 1E,C8,TRUE,Box 1F,C8,TRUE,Box 1G,C8,FALSE,Box 1H,C8,TRUE,Box 1I,C8,FALSE,Box 1J,C8,,Box 1K,,,,,,,,
24AC04_7G8H,14/07/2024,Box 1A,C9,TRUE,Box 1B,C9,FALSE,Box 1C,,FALSE,Box 1D,,TRUE,Box 1E,C9,TRUE,Box 1F,C9,TRUE,Box 1G,C9,FALSE,Box 1H,C9,TRUE,Box 1I,C9,FALSE,Box 1J,C9,,Box 1K,,,,,,,,
24AC05_9I0J,14/07/2024,Box 1A,D1,TRUE,Box 1B,D1,FALSE,Box 1C,,FALSE,Box 1D,,TRUE,Box 1E,D1,TRUE,Box 1F,D1,FALSE,Box 1G,D1,FALSE,Box 1H,D1,TRUE,Box 1I,D1,FALSE,Box 1J,D1,,Box 1K,,,,,,,,
24AC06_2K3L,15/07/2024,Box 1A,D2,TRUE,Box 1B,D2,FALSE,Box 1C,,FALSE,Box 1D,,TRUE,Box 1E,D2,TRUE,Box 1F,D2,TRUE,Box 1G,D2,FALSE,Box 1H,D2,TRUE,Box 1I,D2,FALSE,Box 1J,D2,,Box 1K,,,,,,,,
24AC07_6O7P,15/07/2024,Box 1A,D3,TRUE,Box 1B,D3,FALSE,Box 1C,,FALSE,Box 1D,,TRUE,Box 1E,D3,TRUE,Box 1F,D3,TRUE,Box 1G,D3,FALSE,Box 1H,D3,TRUE,Box 1I,D3,FALSE,Box 1J,D3,,Box 1K,,,,,,,,
24AC08_8Q9R,16/07/2024,Box 1A,D4,TRUE,Box 1B,D4,FALSE,Box 1C,,FALSE,Box 1D,,TRUE,Box 1E,D4,TRUE,Box 1F,D4,TRUE,Box 1G,D4,FALSE,Box 1H,D4,TRUE,Box 1I,D4,FALSE,Box 1J,D4,,Box 1K,,,,,,,,
24AC09_0S1T,16/07/2024,Box 1A,D5,TRUE,Box 1B,D5,FALSE,Box 1C,,FALSE,Box 1D,,TRUE,Box 1E,D5,TRUE,Box 1F,D5,TRUE,Box 1G,D5,FALSE,Box 1H,D5,TRUE,Box 1I,D5,FALSE,Box 1J,D5,,Box 1K,,,,,,,,
24AC10_3U4V,16/07/2024,Box 1A,D6,TRUE,Box 1B,D6,FALSE,Box 1C,,FALSE,Box 1D,,TRUE,Box 1E,D6,TRUE,Box 1F,D6,TRUE,Box 1G,D6,FALSE,Box 1H,D6,TRUE,Box 1I,D6,FALSE,Box 1J,D6,,Box 1K,,,,,,,,
24AC11_5W6X,16/07/2024,Box 1A,D7,TRUE,Box 1B,D7,FALSE,Box 1C,,FALSE,Box 1D,,TRUE,Box 1E,D7,TRUE,Box 1F,D7,TRUE,Box 1G,D7,FALSE,Box 1H,D7,TRUE,Box 1I,D7,FALSE,Box 1J,D7,,Box 1K,,,,,,,,
24AC12_7Y8Z,16/07/2024,Box 1A,D8,TRUE,Box 1B,D8,FALSE,Box 1C,,FALSE,Box 1D,,TRUE,Box 1E,D8,TRUE,Box 1F,D8,TRUE,Box 1G,D8,FALSE,Box 1H,D8,TRUE,Box 1I,D8,FALSE,Box 1J,D8,,Box 1K,,,,,,,,
24AC13_9B0C,17/07/2024,Box 1A,D9,TRUE,Box 1B,D9,FALSE,Box 1C,,FALSE,Box 1D,,TRUE,Box 1E,D9,TRUE,Box 1F,D9,TRUE,Box 1G,D9,FALSE,Box 1H,D9,TRUE,Box 1I,D9,FALSE,Box 1J,D9,,Box 1K,,,,,,,,
24AC14_1D2E,17/07/2024,Box 1A,E1,TRUE,Box 1B,E1,FALSE,Box 1C,,FALSE,Box 1D,,TRUE,Box 1E,E1,TRUE,Box 1F,E1,TRUE,Box 1G,E1,FALSE,Box 1H,E1,TRUE,Box 1I,E1,FALSE,Box 1J,E1,,Box 1K,,,,,,,,
24AC15_3F4G,17/07/2024,Box 1A,E2,TRUE,Box 1B,E2,FALSE,Box 1C,,FALSE,Box 1D,,TRUE,Box 1E,E2,TRUE,Box 1F,E2,TRUE,Box 1G,E2,FALSE,Box 1H,E2,TRUE,Box 1I,E2,FALSE,Box 1J,E2,,Box 1K,,,,,,,,
24AC16_5H6I,17/07/2024,Box 1A,E3,TRUE,Box 1B,E3,FALSE,Box 1C,,FALSE,Box 1D,,TRUE,Box 1E,E3,TRUE,Box 1F,E3,TRUE,Box 1G,E3,FALSE,Box 1H,E3,TRUE,Box 1I,E3,FALSE,Box 1J,E3,,Box 1K,,,,,,,,
24AC17_7J8K,17/07/2024,Box 1A,E4,TRUE,Box 1B,E4,FALSE,Box 1C,,FALSE,Box 1D,,TRUE,Box 1E,E4,TRUE,Box 1F,E4,TRUE,Box 1G,E4,FALSE,Box 1H,E4,TRUE,Box 1I,E4,FALSE,Box 1J,E4,,Box 1K,,,,,,,,
24AC18_9L0M,19/07/2024,Box 1A,E5,TRUE,Box 1B,E5,FALSE,Box 1C,,FALSE,Box 1D,,TRUE,Box 1E,E5,TRUE,Box 1F,E5,TRUE,Box 1G,E5,FALSE,Box 1H,E5,TRUE,Box 1I,E5,FALSE,Box 1J,E5,,Box 1K,,,,,,,,
24AC19_2N3O,19/07/2024,Box 1A,E6,TRUE,Box 1B,E6,TRUE,Box 1C,,FALSE,Box 1D,,TRUE,Box 1E,E6,TRUE,Box 1F,E6,TRUE,Box 1G,E6,FALSE,Box 1H,E6,TRUE,Box 1I,E6,FALSE,Box 1J,E6,,Box 1K,,,,,,,,
24AC20_4M5N,19/07/2024,Box 1A,E7,TRUE,Box 1B,E7,FALSE,Box 1C,,FALSE,Box 1D,,TRUE,Box 1E,E7,TRUE,Box 1F,E7,TRUE,Box 1G,E7,FALSE,Box 1H,E7,TRUE,Box 1I,E7,FALSE,Box 1J,E7,,Box 1K,,,,,,,,
24AC21_4P5Q,20/07/2024,Box 1A,E8,TRUE,Box 1B,E8,FALSE,Box 1C,,FALSE,Box 1D,,TRUE,Box 1E,E8,TRUE,Box 1F,E8,TRUE,Box 1G,E8,TRUE,Box 1H,E8,TRUE,Box 1I,E8,FALSE,Box 1J,E8,,Box 1K,,,,,,,,
24AD01_6R7S,08/09/2024,Box 1A,E9,TRUE,Box 1B,E9,TRUE,Box 1C,,FALSE,Box 1D,,TRUE,Box 1E,E9,TRUE,Box 1F,E9,FALSE,Box 1G,E9,FALSE,Box 1H,E9,TRUE,Box 1I,E9,TRUE,Box 1J,E9,,Box 1K,,,,,,,,
24AD02_8T9U,09/09/2024,Box 1A,F1,TRUE,Box 1B,F1,TRUE,Box 1C,,FALSE,Box 1D,,TRUE,Box 1E,F1,TRUE,Box 1F,F1,FALSE,Box 1G,F1,FALSE,Box 1H,F1,TRUE,Box 1I,F1,TRUE,Box 1J,F1,,Box 1K,,,,,,,,
24AD03_0V1W,09/09/2024,Box 1A,F2,TRUE,Box 1B,F2,TRUE,Box 1C,,FALSE,Box 1D,,TRUE,Box 1E,F2,TRUE,Box 1F,F2,FALSE,Box 1G,F2,FALSE,Box 1H,F2,TRUE,Box 1I,F2,TRUE,Box 1J,F2,,Box 1K,,,,,,,,
24AD04_2X3Y,13/09/2024,Box 1A,F3,TRUE,Box 1B,F3,TRUE,Box 1C,,FALSE,Box 1D,,TRUE,Box 1E,F3,TRUE,Box 1F,F3,FALSE,Box 1G,F3,FALSE,Box 1H,F3,TRUE,Box 1I,F3,TRUE,Box 1J,F3,,Box 1K,,,,,,,,
24AD05_4Z5A,19/09/2024,Box 1A,F4,TRUE,Box 1B,F4,TRUE,Box 1C,,FALSE,Box 1D,,TRUE,Box 1E,F4,TRUE,Box 1F,F4,FALSE,Box 1G,F4,FALSE,Box 1H,F4,TRUE,Box 1I,F4,TRUE,Box 1J,F4,,Box 1K,,,,,,,,
24AD06_6B7C,19/09/2024,Box 1A,F5,TRUE,Box 1B,F5,TRUE,Box 1C,,FALSE,Box 1D,,TRUE,Box 1E,F5,TRUE,Box 1F,F5,FALSE,Box 1G,F5,FALSE,Box 1H,F5,TRUE,Box 1I,F5,TRUE,Box 1J,F5,,Box 1K,,,,,,,,
24AD07_8D9E,19/09/2024,Box 1A,F6,TRUE,Box 1B,F6,TRUE,Box 1C,,FALSE,Box 1D,,TRUE,Box 1E,F6,TRUE,Box 1F,F6,FALSE,Box 1G,F6,FALSE,Box 1H,F6,TRUE,Box 1I,F6,TRUE,Box 1J,F6,,Box 1K,,,,,,,,
24AD08_0F1G,19/09/2024,Box 1A,F7,TRUE,Box 1B,F7,TRUE,Box 1C,,FALSE,Box 1D,,TRUE,Box 1E,F7,TRUE,Box 1F,F7,FALSE,Box 1G,F7,FALSE,Box 1H,F7,TRUE,Box 1I,F7,TRUE,Box 1J,F7,,Box 1K,,,,,,,,
24AE01,10/11/2024,Box 1A,F8,FALSE,Box 1B,F8,FALSE,Box 1C,,FALSE,Box 1D,,FALSE,Box 1E,F8,FALSE,Box 1F,F8,FALSE,Box 1G,F8,FALSE,Box 1H,F8,FALSE,Box 1I,F8,FALSE,Box 1J,F8,,Box 1K,,,,,,,,
24AE02_2H3I,10/11/2024,Box 1A,F9,TRUE,Box 1B,F9,TRUE,Box 1C,,FALSE,Box 1D,,TRUE,Box 1E,F9,TRUE,Box 1F,F9,FALSE,Box 1G,F9,FALSE,Box 1H,F9,TRUE,Box 1I,F9,TRUE,Box 1J,F9,,Box 1K,,,,,,,,
24AE03_4J5K,10/11/2024,Box 1A,G1,TRUE,Box 1B,G1,TRUE,Box 1C,,FALSE,Box 1D,,TRUE,Box 1E,G1,FALSE,Box 1F,G1,FALSE,Box 1G,G1,FALSE,Box 1H,G1,TRUE,Box 1I,G1,TRUE,Box 1J,G1,,Box 1K,,,,,,,,
24AE04_6L7M,10/11/2024,Box 1A,G2,TRUE,Box 1B,G2,TRUE,Box 1C,,FALSE,Box 1D,,TRUE,Box 1E,G2,TRUE,Box 1F,G2,FALSE,Box 1G,G2,FALSE,Box 1H,G2,TRUE,Box 1I,G2,TRUE,Box 1J,G2,,Box 1K,,,,,,,,
24AE05_8N9O,10/11/2024,Box 1A,G3,TRUE,Box 1B,G3,TRUE,Box 1C,,FALSE,Box 1D,,TRUE,Box 1E,G3,TRUE,Box 1F,G3,FALSE,Box 1G,G3,FALSE,Box 1H,G3,TRUE,Box 1I,G3,TRUE,Box 1J,G3,,Box 1K,,,,,,,,
24AE06_0P1Q,10/11/2024,Box 1A,G4,TRUE,Box 1B,G4,TRUE,Box 1C,,FALSE,Box 1D,,TRUE,Box 1E,G4,TRUE,Box 1F,G4,FALSE,Box 1G,G4,FALSE,Box 1H,G4,TRUE,Box 1I,G4,TRUE,Box 1J,G4,,Box 1K,,,,,,,,
24AE07_2R3S,10/11/2024,Box 1A,G5,TRUE,Box 1B,G5,TRUE,Box 1C,,FALSE,Box 1D,,TRUE,Box 1E,G5,TRUE,Box 1F,G5,FALSE,Box 1G,G5,FALSE,Box 1H,G5,TRUE,Box 1I,G5,TRUE,Box 1J,G5,,Box 1K,,,,,,,,
24AE08_4T5U,10/11/2024,Box 1A,G6,TRUE,Box 1B,G6,TRUE,Box 1C,,FALSE,Box 1D,,TRUE,Box 1E,G6,TRUE,Box 1F,G6,FALSE,Box 1G,G6,FALSE,Box 1H,G6,TRUE,Box 1I,G6,TRUE,Box 1J,G6,,Box 1K,,,,,,,,
24AE09_6V7W,10/11/2024,Box 1A,G7,TRUE,Box 1B,G7,TRUE,Box 1C,,FALSE,Box 1D,,TRUE,Box 1E,G7,TRUE,Box 1F,G7,FALSE,Box 1G,G7,,Box 1H,G7,TRUE,Box 1I,G7,TRUE,Box 1J,G7,,Box 1K,,,,,,,,
24AE10_8X9Y,10/11/2024,Box 1A,G8,TRUE,Box 1B,G8,TRUE,Box 1C,,FALSE,Box 1D,,TRUE,Box 1E,G8,TRUE,Box 1F,G8,FALSE,Box 1G,G8,,Box 1H,G8,TRUE,Box 1I,G8,TRUE,Box 1J,G8,,Box 1K,,,,,,,,
24AE11_021A,11/11/2024,Box 1A,G9,TRUE,Box 1B,G9,TRUE,Box 1C,,FALSE,Box 1D,,TRUE,Box 1E,G9,TRUE,Box 1F,G9,FALSE,Box 1G,G9,,Box 1H,G9,TRUE,Box 1I,G9,TRUE,Box 1J,G9,,Box 1K,,,,,,,,
24AE12_3B4C,11/11/2024,Box 1A,H1,TRUE,Box 1B,H1,TRUE,Box 1C,,FALSE,Box 1D,,TRUE,Box 1E,H1,TRUE,Box 1F,H1,FALSE,Box 1G,H1,,Box 1H,H1,TRUE,Box 1I,H1,TRUE,Box 1J,H1,,Box 1K,,,,,,,,
24AE13_5D6E,11/11/2024,Box 1A,H2,TRUE,Box 1B,H2,TRUE,Box 1C,,FALSE,Box 1D,,TRUE,Box 1E,H2,TRUE,Box 1F,H2,FALSE,Box 1G,H2,,Box 1H,H2,TRUE,Box 1I,H2,FALSE,Box 1J,H2,TRUE,Box 1K,,,,,,,,
24AE14_7F8G,11/11/2024,Box 1A,H3,TRUE,Box 1B,H3,TRUE,Box 1C,,FALSE,Box 1D,,TRUE,Box 1E,H3,TRUE,Box 1F,H3,FALSE,Box 1G,H3,,Box 1H,H3,TRUE,Box 1I,H3,TRUE,Box 1J,H3,,Box 1K,,,,,,,,
24AE15_9H0I,11/11/2024,Box 1A,H4,TRUE,Box 1B,H4,TRUE,Box 1C,,FALSE,Box 1D,,TRUE,Box 1E,H4,FALSE,Box 1F,H4,FALSE,Box 1G,H4,,Box 1H,H4,TRUE,Box 1I,H4,FALSE,Box 1J,H4,,Box 1K,,,,,,,,
24AE16_1J2K,11/11/2024,Box 1A,H5,TRUE,Box 1B,H5,TRUE,Box 1C,,FALSE,Box 1D,,TRUE,Box 1E,H5,FALSE,Box 1F,H5,FALSE,Box 1G,H5,,Box 1H,H5,TRUE,Box 1I,H5,,Box 1J,H5,,Box 1K,,,,,,,,
24AE17_3L4M,11/11/2024,Box 1A,H6,FALSE,Box 1B,H6,FALSE,Box 1C,,FALSE,Box 1D,,,Box 1E,H6,,Box 1F,H6,,Box 1G,H6,,Box 1H,H6,,Box 1I,H6,,Box 1J,H6,,Box 1K,,,,,,,,
24AE18,11/11/2024,Box 1A,H7,FALSE,Box 1B,H7,FALSE,Box 1C,,FALSE,Box 1D,,,Box 1E,H7,,Box 1F,H7,,Box 1G,H7,,Box 1H,H7,,Box 1I,H7,,Box 1J,H7,,Box 1K,,,,,,,,
24AE19_7P8Q,12/11/2024,Box 1A,H8,TRUE,Box 1B,H8,FALSE,Box 1C,,FALSE,Box 1D,,TRUE,Box 1E,H8,FALSE,Box 1F,H8,FALSE,Box 1G,H8,FALSE,Box 1H,H8,TRUE,Box 1I,H8,FALSE,Box 1J,H8,,Box 1K,,,,,,,,
24AE20_9R0S,12/11/2024,Box 1A,H9,TRUE,Box 1B,H9,FALSE,Box 1C,,FALSE,Box 1D,,TRUE,Box 1E,H9,FALSE,Box 1F,H9,FALSE,Box 1G,H9,FALSE,Box 1H,H9,TRUE,Box 1I,H9,FALSE,Box 1J,H9,,Box 1K,,,,,,,,
24AE21_2T3V,12/11/2024,Box 1A,I1,TRUE,Box 1B,I1,FALSE,Box 1C,,FALSE,Box 1D,,TRUE,Box 1E,I1,TRUE,Box 1F,I1,FALSE,Box 1G,I1,FALSE,Box 1H,I1,FALSE,Box 1I,I1,FALSE,Box 1J,I1,,Box 1K,,,,,,,,
24AE22_4V5W,12/11/2024,Box 1A,I2,TRUE,Box 1B,I2,TRUE,Box 1C,,FALSE,Box 1D,,TRUE,Box 1E,I2,TRUE,Box 1F,I2,FALSE,Box 1G,I2,FALSE,Box 1H,I2,TRUE,Box 1I,I2,TRUE,Box 1J,I2,,Box 1K,,,,,,,,
24AE23_7M4D,12/11/2024,Box 1A,I3,TRUE,Box 1B,I3,FALSE,Box 1C,,FALSE,Box 1D,,TRUE,Box 1E,I3,TRUE,Box 1F,I3,FALSE,Box 1G,I3,FALSE,Box 1H,I3,TRUE,Box 1I,I3,TRUE,Box 1J,I3,,Box 1K,,,,,,,,
24AE24_8Z0F,12/11/2024,Box 1A,I4,TRUE,Box 1B,I4,TRUE,Box 1C,A1,TRUE,Box 1D,,TRUE,Box 1E,I4,TRUE,Box 1F,I4,FALSE,Box 1G,I4,FALSE,Box 1H,I4,TRUE,Box 1I,I4,TRUE,Box 1J,I4,,Box 1K,,,,,,,,
24AE25,12/11/2024,Box 1A,I5,FALSE,Box 1B,I5,FALSE,Box 1C,,FALSE,Box 1D,,FALSE,Box 1E,I5,FALSE,Box 1F,I5,FALSE,Box 1G,I5,FALSE,Box 1H,I5,FALSE,Box 1I,I5,FALSE,Box 1J,I5,,Box 1K,,,,,,,,
24AE26_3L1R,12/11/2024,Box 1A,I6,TRUE,Box 1B,I6,TRUE,Box 1C,,FALSE,Box 1D,,TRUE,Box 1E,I6,TRUE,Box 1F,I6,FALSE,Box 1G,I6,FALSE,Box 1H,I6,TRUE,Box 1I,I6,TRUE,Box 1J,I6,,Box 1K,,,,,,,,
24AE27_0I1P,12/11/2024,Box 1A,I7,TRUE,Box 1B,I7,FALSE,Box 1C,,FALSE,Box 1D,,TRUE,Box 1E,I7,TRUE,Box 1F,I7,FALSE,Box 1G,I7,FALSE,Box 1H,I7,FALSE,Box 1I,I7,FALSE,Box 1J,I7,,Box 1K,,,,,,,,
24AE28_6O6R,12/11/2024,Box 1A,I8,TRUE,Box 1B,I8,FALSE,Box 1C,,FALSE,Box 1D,,TRUE,Box 1E,I8,FALSE,Box 1F,I8,FALSE,Box 1G,I8,FALSE,Box 1H,I8,TRUE,Box 1I,I8,TRUE,Box 1J,I8,,Box 1K,,,,,,,,
24AE29_8H6I,13/11/2024,Box 1A,I9,TRUE,Box 1B,I9,TRUE,Box 1C,A2,TRUE,Box 1D,,,Box 1E,I9,,Box 1F,I9,,Box 1G,I9,,Box 1H,I9,FALSE,Box 1I,I9,,Box 1J,I9,,Box 1K,,,,,,,,
24AE30_3S9D,13/11/2024,Box 2A,A1,TRUE,Box 2B,A1,TRUE,Box 1C,,FALSE,Box 2D,,TRUE,Box 2E,A1,TRUE,Box 2F,A1,,Box 2G,A1,,Box 2H,A1,TRUE,Box 2I,A1,TRUE,Box 2J,A1,,Box 2K,,,,,,,,
24AE31_2K4Y,13/11/2024,Box 2A,A2,TRUE,Box 2B,A2,TRUE,Box 1C,,FALSE,Box 2D,,TRUE,Box 2E,A2,TRUE,Box 2F,A2,,Box 2G,A2,,Box 2H,A2,TRUE,Box 2I,A2,FALSE,Box 2J,A2,,Box 2K,,,,,,,,
24AE32_0Q0T,13/11/2024,Box 2A,A3,TRUE,Box 2B,A3,TRUE,Box 1C,,FALSE,Box 2D,,TRUE,Box 2E,A3,FALSE,Box 2F,A3,,Box 2G,A3,,Box 2H,A3,FALSE,Box 2I,A3,FALSE,Box 2J,A3,,Box 2K,,,,,,,,
24AE33_5V9U,13/11/2024,Box 2A,A4,TRUE,Box 2B,A4,FALSE,Box 1C,,FALSE,Box 2D,,TRUE,Box 2E,A4,TRUE,Box 2F,A4,,Box 2G,A4,,Box 2H,A4,TRUE,Box 2I,A4,FALSE,Box 2J,A4,,Box 2K,,,,,,,,
24AE34_5U3E,13/11/2024,Box 2A,A5,TRUE,Box 2B,A5,TRUE,Box 1C,,FALSE,Box 2D,,TRUE,Box 2E,A5,TRUE,Box 2F,A5,,Box 2G,A5,,Box 2H,A5,TRUE,Box 2I,A5,TRUE,Box 2J,A5,,Box 2K,,,,,,,,
24AE35_1O2M,13/11/2024,Box 2A,A6,TRUE,Box 2B,A6,TRUE,Box 1C,,FALSE,Box 2D,,TRUE,Box 2E,A6,FALSE,Box 2F,A6,,Box 2G,A6,,Box 2H,A6,FALSE,Box 2I,A6,FALSE,Box 2J,A6,,Box 2K,,,,,,,,
24AE36_5U1K,13/11/2024,Box 2A,A7,TRUE,Box 2B,A7,TRUE,Box 1C,,FALSE,Box 2D,,TRUE,Box 2E,A7,FALSE,Box 2F,A7,,Box 2G,A7,,Box 2H,A7,TRUE,Box 2I,A7,TRUE,Box 2J,A7,,Box 2K,,,,,,,,
24AE37_3F9E,13/11/2024,Box 2A,A8,TRUE,Box 2B,A8,FALSE,Box 1C,,FALSE,Box 2D,,TRUE,Box 2E,A8,FALSE,Box 2F,A8,,Box 2G,A8,,Box 2H,A8,TRUE,Box 2I,A8,FALSE,Box 2J,A8,,Box 2K,,,,,,,,
24AE38_3N1A,13/11/2024,Box 2A,A9,TRUE,Box 2B,A9,TRUE,Box 1C,,FALSE,Box 2D,,TRUE,Box 2E,A9,FALSE,Box 2F,A9,,Box 2G,A9,,Box 2H,A9,TRUE,Box 2I,A9,TRUE,Box 2J,A9,,Box 2K,,,,,,,,
24AE39_3Q8W,14/11/2024,Box 2A,B1,TRUE,Box 2B,B1,FALSE,Box 1C,,FALSE,Box 2D,,TRUE,Box 2E,B1,TRUE,Box 2F,B1,,Box 2G,B1,,Box 2H,B1,TRUE,Box 2I,B1,FALSE,Box 2J,B1,,Box 2K,,,,,,,,
24AE40_0E0K,14/11/2024,Box 2A,B2,TRUE,Box 2B,B2,TRUE,Box 1C,,FALSE,Box 2D,,TRUE,Box 2E,B2,TRUE,Box 2F,B2,,Box 2G,B2,,Box 2H,B2,TRUE,Box 2I,B2,TRUE,Box 2J,B2,,Box 2K,,,,,,,,
24AE41_2C8K,14/11/2024,Box 2A,B3,TRUE,Box 2B,B3,TRUE,Box 1C,,FALSE,Box 2D,,TRUE,Box 2E,B3,TRUE,Box 2F,B3,,Box 2G,B3,,Box 2H,B3,TRUE,Box 2I,B3,TRUE,Box 2J,B3,,Box 2K,,,,,,,,
24AE42_7X5J,14/11/2024,Box 2A,B4,TRUE,Box 2B,B4,TRUE,Box 1C,,FALSE,Box 2D,,TRUE,Box 2E,B4,TRUE,Box 2F,B4,,Box 2G,B4,,Box 2H,B4,TRUE,Box 2I,B4,TRUE,Box 2J,B4,,Box 2K,,,,,,,,
24AE43_4Z6U,14/11/2024,Box 2A,B5,TRUE,Box 2B,B5,FALSE,Box 1C,,FALSE,Box 2D,,TRUE,Box 2E,B5,FALSE,Box 2F,B5,,Box 2G,B5,,Box 2H,B5,TRUE,Box 2I,B5,FALSE,Box 2J,B5,,Box 2K,,,,,,,,
24AE44_0Q4X,14/11/2024,Box 2A,B6,FALSE,Box 2B,B6,FALSE,Box 1C,,FALSE,Box 2D,,FALSE,Box 2E,B6,FALSE,Box 2F,B6,,Box 2G,B6,,Box 2H,B6,FALSE,Box 2I,B6,FALSE,Box 2J,B6,,Box 2K,,,,,,,,
24AE45_5N4H,14/11/2024,Box 2A,B7,TRUE,Box 2B,B7,FALSE,Box 1C,,FALSE,Box 2D,,TRUE,Box 2E,B7,TRUE,Box 2F,B7,,Box 2G,B7,,Box 2H,B7,TRUE,Box 2I,B7,FALSE,Box 2J,B7,,Box 2K,,,,,,,,
24AE46_4N8S,14/11/2024,Box 2A,B8,TRUE,Box 2B,B8,TRUE,Box 1C,,FALSE,Box 2D,,TRUE,Box 2E,B8,TRUE,Box 2F,B8,,Box 2G,B8,,Box 2H,B8,TRUE,Box 2I,B8,FALSE,Box 2J,B8,,Box 2K,,,,,,,,
24AE47_3G6U,14/11/2024,Box 2A,B9,FALSE,Box 2B,B9,FALSE,Box 1C,,FALSE,Box 2D,,TRUE,Box 2E,B9,FALSE,Box 2F,B9,,Box 2G,B9,,Box 2H,B9,FALSE,Box 2I,B9,FALSE,Box 2J,B9,,Box 2K,,,,,,,,
24AE48_8M0E,14/11/2024,Box 2A,C1,TRUE,Box 2B,C1,TRUE,Box 1C,,FALSE,Box 2D,,TRUE,Box 2E,C1,TRUE,Box 2F,C1,,Box 2G,C1,,Box 2H,C1,TRUE,Box 2I,C1,TRUE,Box 2J,C1,,Box 2K,,,,,,,,
24AE49_6K2N,14/11/2024,Box 2A,C2,TRUE,Box 2B,C2,TRUE,Box 1C,,FALSE,Box 2D,,TRUE,Box 2E,C2,FALSE,Box 2F,C2,,Box 2G,C2,,Box 2H,C2,TRUE,Box 2I,C2,TRUE,Box 2J,C2,,Box 2K,,,,,,,,
24AE50_2W5H,14/11/2024,Box 2A,C3,TRUE,Box 2B,C3,TRUE,Box 1C,,FALSE,Box 2D,,TRUE,Box 2E,C3,TRUE,Box 2F,C3,,Box 2G,C3,,Box 2H,C3,TRUE,Box 2I,C3,TRUE,Box 2J,C3,,Box 2K,,,,,,,,
24AE51_515U,14/11/2024,Box 2A,C4,TRUE,Box 2B,C4,TRUE,Box 1C,,FALSE,Box 2D,,TRUE,Box 2E,C4,TRUE,Box 2F,C4,,Box 2G,C4,,Box 2H,C4,TRUE,Box 2I,C4,TRUE,Box 2J,C4,,Box 2K,,,,,,,,
24AE52_3X5S,15/11/2024,Box 2A,C5,TRUE,Box 2B,C5,TRUE,Box 1C,,FALSE,Box 2D,,TRUE,Box 2E,C5,FALSE,Box 2F,C5,,Box 2G,C5,,Box 2H,C5,TRUE,Box 2I,C5,TRUE,Box 2J,C5,,Box 2K,,,,,,,,
24AE53_5D3D,15/11/2024,Box 2A,C6,FALSE,Box 2B,C6,FALSE,Box 1C,,FALSE,Box 2D,,,Box 2E,C6,,Box 2F,C6,,Box 2G,C6,,Box 2H,C6,,Box 2I,C6,,Box 2J,C6,,Box 2K,,,,,,,,
24AE54_0F9Q,15/11/2024,Box 2A,C7,TRUE,Box 2B,C7,FALSE,Box 1C,,FALSE,Box 2D,,TRUE,Box 2E,C7,TRUE,Box 2F,C7,,Box 2G,C7,,Box 2H,C7,TRUE,Box 2I,C7,,Box 2J,C7,,Box 2K,,,,,,,,
24AE55_1K4V,15/11/2024,Box 2A,C8,TRUE,Box 2B,C8,FALSE,Box 1C,,FALSE,Box 2D,,TRUE,Box 2E,C8,TRUE,Box 2F,C8,,Box 2G,C8,,Box 2H,C8,TRUE,Box 2I,C8,TRUE,Box 2J,C8,,Box 2K,,,,,,,,
24AE56_6F5I,15/11/2024,Box 2A,C9,TRUE,Box 2B,C9,FALSE,Box 1C,,FALSE,Box 2D,,TRUE,Box 2E,C9,FALSE,Box 2F,C9,,Box 2G,C9,,Box 2H,C9,TRUE,Box 2I,C9,,Box 2J,C9,,Box 2K,,,,,,,,
24AE57_2R3C,16/11/2024,Box 2A,D1,TRUE,Box 2B,D1,FALSE,Box 1C,,FALSE,Box 2D,,TRUE,Box 2E,D1,TRUE,Box 2F,D1,,Box 2G,D1,,Box 2H,D1,TRUE,Box 2I,D1,,Box 2J,D1,,Box 2K,,,,,,,,
24AE58_2T5B,18/11/2024,Box 2A,D2,TRUE,Box 2B,D2,FALSE,Box 1C,,FALSE,Box 2D,,TRUE,Box 2E,D2,TRUE,Box 2F,D2,,Box 2G,D2,,Box 2H,D2,TRUE,Box 2I,D2,TRUE,Box 2J,D2,TRUE,Box 2K,,,,,,,,
24AE59_7L5B,19/11/2024,Box 2A,D3,TRUE,Box 2B,D3,TRUE,Box 1C,A3,TRUE,Box 2D,,TRUE,Box 2E,D3,TRUE,Box 2F,D3,TRUE,Box 2G,D3,FALSE,Box 2H,D3,TRUE,Box 2I,D3,TRUE,Box 2J,D3,,Box 2K,,,,,,,,
24AE60_1A8K,,Box 2A,D4,TRUE,Box 2B,D4,TRUE,Box 1C,,FALSE,Box 2D,,TRUE,Box 2E,D4,TRUE,Box 2F,D4,TRUE,Box 2G,D4,FALSE,Box 2H,D4,TRUE,Box 2I,D4,TRUE,Box 2J,D4,,Box 2K,,,,,,,,
24AE61_5B3V,19/11/2024,Box 2A,D5,TRUE,Box 2B,D5,TRUE,Box 1C,,FALSE,Box 2D,,TRUE,Box 2E,D5,TRUE,Box 2F,D5,TRUE,Box 2G,D5,FALSE,Box 2H,D5,TRUE,Box 2I,D5,FALSE,Box 2J,D5,,Box 2K,,,,,,,,
24AE62_9K6O,,Box 2A,D6,TRUE,Box 2B,D6,TRUE,Box 1C,,FALSE,Box 2D,,TRUE,Box 2E,D6,TRUE,Box 2F,D6,TRUE,Box 2G,D6,FALSE,Box 2H,D6,TRUE,Box 2I,D6,TRUE,Box 2J,D6,,Box 2K,,,,,,,,
24AE63_7H7Z,19/11/2024,Box 2A,D7,TRUE,Box 2B,D7,FALSE,Box 1C,A4,TRUE,Box 2D,,TRUE,Box 2E,D7,TRUE,Box 2F,D7,TRUE,Box 2G,D7,FALSE,Box 2H,D7,TRUE,Box 2I,D7,TRUE,Box 2J,D7,,Box 2K,,,,,,,,
24AE64,,Box 2A,D8,FALSE,Box 2B,D8,FALSE,Box 1C,,FALSE,Box 2D,,TRUE,Box 2E,D8,TRUE,Box 2F,D8,TRUE,Box 2G,D8,,Box 2H,D8,TRUE,Box 2I,D8,FALSE,Box 2J,D8,,Box 2K,,,,,,,,
24AE65_0J5A,20/11/2024,Box 2A,D9,FALSE,Box 2B,D9,FALSE,Box 1C,,FALSE,Box 2D,,TRUE,Box 2E,D9,TRUE,Box 2F,D9,FALSE,Box 2G,D9,,Box 2H,D9,TRUE,Box 2I,D9,FALSE,Box 2J,D9,,Box 2K,,,,,,,,
24AE66_3H6P,20/11/2024,Box 2A,E1,FALSE,Box 2B,E1,FALSE,Box 1C,,FALSE,Box 2D,,TRUE,Box 2E,E1,TRUE,Box 2F,E1,TRUE,Box 2G,E1,,Box 2H,E1,TRUE,Box 2I,E1,FALSE,Box 2J,E1,,Box 2K,,,,,,,,
24AE67_8G6T,20/11/2024,Box 2A,E2,FALSE,Box 2B,E2,FALSE,Box 1C,,FALSE,Box 2D,,TRUE,Box 2E,E2,TRUE,Box 2F,E2,TRUE,Box 2G,E2,,Box 2H,E2,TRUE,Box 2I,E2,FALSE,Box 2J,E2,,Box 2K,,,,,,,,
24AE68_2Z5G,20/11/2024,Box 2A,E3,FALSE,Box 2B,E3,FALSE,Box 1C,,FALSE,Box 2D,,TRUE,Box 2E,E3,TRUE,Box 2F,E3,TRUE,Box 2G,E3,TRUE,Box 2H,E3,TRUE,Box 2I,E3,FALSE,Box 2J,E3,,Box 2K,,,,,,,,
24AE69_6F3L,20/11/2024,Box 2A,E4,FALSE,Box 2B,E4,FALSE,Box 1C,,FALSE,Box 2D,,TRUE,Box 2E,E4,TRUE,Box 2F,E4,TRUE,Box 2G,E4,,Box 2H,E4,TRUE,Box 2I,E4,FALSE,Box 2J,E4,,Box 2K,,,,,,,,
24AE70_9Y9Y,20/11/2024,Box 2A,E5,FALSE,Box 2B,E5,FALSE,Box 1C,,FALSE,Box 2D,,TRUE,Box 2E,E5,TRUE,Box 2F,E5,FALSE,Box 2G,E5,FALSE,Box 2H,E5,TRUE,Box 2I,E5,FALSE,Box 2J,E5,FALSE,Box 2K,,,,,,,,
24AE71_4V3G,,Box 2A,E6,TRUE,Box 2B,E6,FALSE,Box 1C,,FALSE,Box 2D,,TRUE,Box 2E,E6,TRUE,Box 2F,E6,TRUE,Box 2G,E6,FALSE,Box 2H,E6,TRUE,Box 2I,E6,TRUE,Box 2J,E6,FALSE,Box 2K,,,,,,,,
24AE72_5P4W,21/11/2024,Box 2A,E7,TRUE,Box 2B,E7,FALSE,Box 1C,,FALSE,Box 2D,,TRUE,Box 2E,E7,TRUE,Box 2F,E7,TRUE,Box 2G,E7,FALSE,Box 2H,E7,TRUE,Box 2I,E7,FALSE,Box 2J,E7,FALSE,Box 2K,,,,,,,,
24AE73_1B2C,21/11/2024,Box 2A,E8,TRUE,Box 2B,E8,FALSE,Box 1C,,FALSE,Box 2D,,TRUE,Box 2E,E8,TRUE,Box 2F,E8,TRUE,Box 2G,E8,FALSE,Box 2H,E8,TRUE,Box 2I,E8,FALSE,Box 2J,E8,FALSE,Box 2K,,,,,,,,
24AE74_3D4E,07/09/2024,Box 2A,E9,TRUE,Box 2B,E9,FALSE,Box 1C,,FALSE,Box 2D,,TRUE,Box 2E,E9,TRUE,Box 2F,E9,TRUE,Box 2G,E9,FALSE,Box 2H,E9,TRUE,Box 2I,E9,FALSE,Box 2J,E9,FALSE,Box 2K,,,,,,,,
24AE75_5F6G,21/11/2024,Box 2A,F1,TRUE,Box 2B,F1,FALSE,Box 1C,,FALSE,Box 2D,,TRUE,Box 2E,F1,TRUE,Box 2F,F1,TRUE,Box 2G,F1,FALSE,Box 2H,F1,TRUE,Box 2I,F1,FALSE,Box 2J,F1,FALSE,Box 2K,,,,,,,,
25AA01_1G2H,07/07/2025,Box 2A,F2,TRUE,Box 2B,F2,TRUE,Box 1C,,FALSE,Box 2D,,TRUE,Box 2E,F2,TRUE,Box 2F,F2,FALSE,Box 2G,F2,FALSE,Box 2H,F2,TRUE,Box 2I,F2,TRUE,Box 2J,F2,FALSE,Box 2K,,,,,,,,
25AA02_3I4J,07/07/2025,Box 2A,F3,TRUE,Box 2B,F3,FALSE,Box 1C,,FALSE,Box 2D,,TRUE,Box 2E,F3,TRUE,Box 2F,F3,FALSE,Box 2G,F3,FALSE,Box 2H,F3,TRUE,Box 2I,F3,TRUE,Box 2J,F3,FALSE,Box 2K,,,,,,,,
25AA03_5K6L,07/07/2025,Box 2A,F4,FALSE,Box 2B,F4,FALSE,Box 1C,,FALSE,Box 2D,,FALSE,Box 2E,F4,FALSE,Box 2F,F4,FALSE,Box 2G,F4,FALSE,Box 2H,F4,FALSE,Box 2I,F4,FALSE,Box 2J,F4,FALSE,Box 2K,,,,,,,,
25AA04_7M8N,07/07/2025,Box 2A,F5,TRUE,Box 2B,F5,FALSE,Box 1C,,FALSE,Box 2D,,TRUE,Box 2E,F5,TRUE,Box 2F,F5,FALSE,Box 2G,F5,FALSE,Box 2H,F5,TRUE,Box 2I,F5,TRUE,Box 2J,F5,FALSE,Box 2K,,,,,,,,
25AA05_9O0P,07/07/2025,Box 2A,F6,TRUE,Box 2B,F6,FALSE,Box 1C,,FALSE,Box 2D,,TRUE,Box 2E,F6,TRUE,Box 2F,F6,FALSE,Box 2G,F6,FALSE,Box 2H,F6,TRUE,Box 2I,F6,TRUE,Box 2J,F6,FALSE,Box 2K,,,,,,,,
25AA06_2Q3R,07/07/2025,Box 2A,F7,TRUE,Box 2B,F7,FALSE,Box 1C,,FALSE,Box 2D,,TRUE,Box 2E,F7,FALSE,Box 2F,F7,FALSE,Box 2G,F7,FALSE,Box 2H,F7,TRUE,Box 2I,F7,TRUE,Box 2J,F7,FALSE,Box 2K,,,,,,,,
25AA07_4S5T,07/07/2025,Box 2A,F8,TRUE,Box 2B,F8,FALSE,Box 1C,,FALSE,Box 2D,,TRUE,Box 2E,F8,TRUE,Box 2F,F8,FALSE,Box 2G,F8,FALSE,Box 2H,F8,TRUE,Box 2I,F8,TRUE,Box 2J,F8,FALSE,Box 2K,,,,,,,,
25AA08_6U7V,09/07/2025,Box 2A,F9,TRUE,Box 2B,F9,TRUE,Box 1C,,FALSE,Box 2D,,TRUE,Box 2E,F9,TRUE,Box 2F,F9,TRUE,Box 2G,F9,FALSE,Box 2H,F9,TRUE,Box 2I,F9,TRUE,Box 2J,F9,FALSE,Box 2K,,,,,,,,
25AA09_8W9X,09/07/2025,Box 2A,G1,TRUE,Box 2B,G1,TRUE,Box 1C,,FALSE,Box 2D,,TRUE,Box 2E,G1,TRUE,Box 2F,G1,TRUE,Box 2G,G1,FALSE,Box 2H,G1,TRUE,Box 2I,G1,TRUE,Box 2J,G1,FALSE,Box 2K,,,,,,,,
25AA10_0Y1Z,09/07/2025,Box 2A,G2,TRUE,Box 2B,G2,TRUE,Box 1C,,FALSE,Box 2D,,TRUE,Box 2E,G2,TRUE,Box 2F,G2,FALSE,Box 2G,G2,FALSE,Box 2H,G2,TRUE,Box 2I,G2,TRUE,Box 2J,G2,FALSE,Box 2K,,,,,,,,
25AA11_3A5B,09/07/2025,Box 2A,G3,TRUE,Box 2B,G3,TRUE,Box 1C,,FALSE,Box 2D,,TRUE,Box 2E,G3,TRUE,Box 2F,G3,FALSE,Box 2G,G3,FALSE,Box 2H,G3,TRUE,Box 2I,G3,TRUE,Box 2J,G3,FALSE,Box 2K,,,,,,,,
25AA12_6C8D,09/07/2025,Box 2A,G4,TRUE,Box 2B,G4,TRUE,Box 1C,,FALSE,Box 2D,,TRUE,Box 2E,G4,TRUE,Box 2F,G4,TRUE,Box 2G,G4,FALSE,Box 2H,G4,TRUE,Box 2I,G4,TRUE,Box 2J,G4,FALSE,Box 2K,,,,,,,,
25AA13_9E1F,09/07/2025,Box 2A,G5,TRUE,Box 2B,G5,TRUE,Box 1C,,FALSE,Box 2D,,TRUE,Box 2E,G5,TRUE,Box 2F,G5,TRUE,Box 2G,G5,FALSE,Box 2H,G5,TRUE,Box 2I,G5,TRUE,Box 2J,G5,FALSE,Box 2K,,,,,,,,
25AA14_2G4H,09/07/2025,Box 2A,G6,TRUE,Box 2B,G6,TRUE,Box 1C,,FALSE,Box 2D,,TRUE,Box 2E,G6,TRUE,Box 2F,G6,FALSE,Box 2G,G6,FALSE,Box 2H,G6,TRUE,Box 2I,G6,TRUE,Box 2J,G6,FALSE,Box 2K,,,,,,,,
25AA15_5I7J,09/07/2025,Box 2A,G7,TRUE,Box 2B,G7,TRUE,Box 1C,,FALSE,Box 2D,,TRUE,Box 2E,G7,TRUE,Box 2F,G7,TRUE,Box 2G,G7,FALSE,Box 2H,G7,TRUE,Box 2I,G7,TRUE,Box 2J,G7,FALSE,Box 2K,,,,,,,,
25AA16_8K0L,09/07/2025,Box 2A,G8,TRUE,Box 2B,G8,TRUE,Box 1C,,FALSE,Box 2D,,TRUE,Box 2E,G8,TRUE,Box 2F,G8,FALSE,Box 2G,G8,FALSE,Box 2H,G8,TRUE,Box 2I,G8,TRUE,Box 2J,G8,FALSE,Box 2K,,,,,,,,
25AA17_3M6N,11/07/2025,Box 2A,G9,TRUE,Box 2B,G9,TRUE,Box 1C,J5,TRUE,Box 2D,,TRUE,Box 2E,G9,TRUE,Box 2F,G9,TRUE,Box 2G,G9,FALSE,Box 2H,G9,TRUE,Box 2I,G9,TRUE,Box 2J,G9,FALSE,Box 2K,,,,,,,,
25AA18_7O9P,10/07/2025,Box 2A,H1,TRUE,Box 2B,H1,TRUE,Box 1C,A5,TRUE,Box 2D,,TRUE,Box 2E,H1,TRUE,Box 2F,H1,TRUE,Box 2G,H1,FALSE,Box 2H,H1,TRUE,Box 2I,H1,TRUE,Box 2J,H1,FALSE,Box 2K,,,TRUE,TRUE,TRUE,,,
25AA19_1Q4R,10/07/2025,Box 2A,H2,TRUE,Box 2B,H2,FALSE,Box 1C,,FALSE,Box 2D,,TRUE,Box 2E,H2,TRUE,Box 2F,H2,TRUE,Box 2G,H2,FALSE,Box 2H,H2,TRUE,Box 2I,H2,TRUE,Box 2J,H2,FALSE,Box 2K,,,TRUE,TRUE,TRUE,,,
25AA20_5S8T,10/07/2025,Box 2A,H3,TRUE,Box 2B,H3,TRUE,Box 1C,J4,TRUE,Box 2D,,TRUE,Box 2E,H3,TRUE,Box 2F,H3,TRUE,Box 2G,H3,FALSE,Box 2H,H3,TRUE,Box 2I,H3,TRUE,Box 2J,H3,FALSE,Box 2K,,,TRUE,TRUE,TRUE,,,
25AA21_9U0V,11/07/2025,Box 2A,H4,TRUE,Box 2B,H4,TRUE,Box 1C,,FALSE,Box 2D,,TRUE,Box 2E,H4,TRUE,Box 2F,H4,FALSE,Box 2G,H4,FALSE,Box 2H,H4,TRUE,Box 2I,H4,TRUE,Box 2J,H4,FALSE,Box 2K,,,TRUE,TRUE,TRUE,,,
25AA22_2W3X,11/07/2025,Box 2A,H5,TRUE,Box 2B,H5,FALSE,Box 1C,,FALSE,Box 2D,,TRUE,Box 2E,H5,TRUE,Box 2F,H5,FALSE,Box 2G,H5,FALSE,Box 2H,H5,TRUE,Box 2I,H5,TRUE,Box 2J,H5,FALSE,Box 2K,,,TRUE,TRUE,TRUE,,,
25AA23_9Y6Z,11/07/2025,Box 2A,H6,TRUE,Box 2B,H6,TRUE,Box 1C,,FALSE,Box 2D,,TRUE,Box 2E,H6,TRUE,Box 2F,H6,FALSE,Box 2G,H6,FALSE,Box 2H,H6,TRUE,Box 2I,H6,TRUE,Box 2J,H6,FALSE,Box 2K,,,TRUE,TRUE,TRUE,,,
25AA24_1B4C,11/07/2025,Box 2A,H7,TRUE,Box 2B,H7,TRUE,Box 1C,,FALSE,Box 2D,,TRUE,Box 2E,H7,TRUE,Box 2F,H7,FALSE,Box 2G,H7,FALSE,Box 2H,H7,TRUE,Box 2I,H7,TRUE,Box 2J,H7,FALSE,Box 2K,,,TRUE,TRUE,TRUE,,,
25AA44,04/02/2026,Box 2A,H8,FALSE,Box 2B,H8,FALSE,Box 1C,,FALSE,Box 2D,,TRUE,Box 2E,H8,FALSE,Box 2F,H8,FALSE,Box 2G,H8,FALSE,Box 2H,H8,FALSE,Box 2I,H8,FALSE,Box 2J,H8,FALSE,Box 2K,,,,,,,,
25AB01_7D0E,28/07/2025,Box 2A,H9,TRUE,Box 2B,H9,TRUE,Box 1C,,FALSE,Box 2D,,TRUE,Box 2E,H9,TRUE,Box 2F,H9,FALSE,Box 2G,H9,FALSE,Box 2H,H9,TRUE,Box 2I,H9,TRUE,Box 2J,H9,FALSE,Box 2K,,,TRUE,TRUE,TRUE,,,
25AB02_3F6G,28/07/2025,Box 2A,I1,TRUE,Box 2B,I1,TRUE,Box 1C,A6,TRUE,Box 2D,,TRUE,Box 2E,I1,TRUE,Box 2F,I1,FALSE,Box 2G,I1,FALSE,Box 2H,I1,TRUE,Box 2I,I1,TRUE,Box 2J,I1,FALSE,Box 2K,,,TRUE,TRUE,FALSE,,,
25AB03_9H2I,28/07/2025,Box 2A,I2,TRUE,Box 2B,I2,TRUE,Box 1C,,FALSE,Box 2D,,TRUE,Box 2E,I2,TRUE,Box 2F,I2,FALSE,Box 2G,I2,FALSE,Box 2H,I2,TRUE,Box 2I,I2,TRUE,Box 2J,I2,FALSE,Box 2K,,,TRUE,TRUE,FALSE,,,
25AB04_5J8K,28/07/2025,Box 2A,I3,TRUE,Box 2B,I3,TRUE,Box 1C,,FALSE,Box 2D,,TRUE,Box 2E,I3,TRUE,Box 2F,I3,FALSE,Box 2G,I3,FALSE,Box 2H,I3,TRUE,Box 2I,I3,TRUE,Box 2J,I3,FALSE,Box 2K,,,TRUE,TRUE,TRUE,,,
25AB05_1L3M,28/07/2025,Box 2A,I4,TRUE,Box 2B,I4,TRUE,Box 1C,A7,TRUE,Box 2D,,TRUE,Box 2E,I4,TRUE,Box 2F,I4,FALSE,Box 2G,I4,FALSE,Box 2H,I4,TRUE,Box 2I,I4,TRUE,Box 2J,I4,FALSE,Box 2K,,,TRUE,TRUE,TRUE,,,
25AB06_7N0O,28/07/2025,Box 2A,I5,TRUE,Box 2B,I5,TRUE,Box 1C,A8,TRUE,Box 2D,,TRUE,Box 2E,I5,TRUE,Box 2F,I5,FALSE,Box 2G,I5,FALSE,Box 2H,I5,TRUE,Box 2I,I5,TRUE,Box 2J,I5,FALSE,Box 2K,,,TRUE,TRUE,FALSE,,,
25AB07_4P6Q,28/07/2025,Box 2A,I6,TRUE,Box 2B,I6,TRUE,Box 1C,A9,TRUE,Box 2D,,TRUE,Box 2E,I6,TRUE,Box 2F,I6,FALSE,Box 2G,I6,FALSE,Box 2H,I6,TRUE,Box 2I,I6,TRUE,Box 2J,I6,FALSE,Box 2K,,,TRUE,TRUE,TRUE,,,
25AB08_9R1S,28/07/2025,Box 2A,I7,TRUE,Box 2B,I7,TRUE,Box 1C,,FALSE,Box 2D,,TRUE,Box 2E,I7,TRUE,Box 2F,I7,FALSE,Box 2G,I7,FALSE,Box 2H,I7,TRUE,Box 2I,I7,TRUE,Box 2J,I7,FALSE,Box 2K,,,TRUE,TRUE,FALSE,,,
25AB09_3T7U,28/07/2025,Box 2A,I8,TRUE,Box 2B,I8,TRUE,Box 1C,B1,TRUE,Box 2D,,TRUE,Box 2E,I8,TRUE,Box 2F,I8,FALSE,Box 2G,I8,FALSE,Box 2H,I8,TRUE,Box 2I,I8,TRUE,Box 2J,I8,FALSE,Box 2K,,,TRUE,TRUE,TRUE,,,
25AB10_8V0W,28/07/2025,Box 2A,I9,TRUE,Box 2B,I9,TRUE,Box 1C,B2,TRUE,Box 2D,,TRUE,Box 2E,I9,TRUE,Box 2F,I9,FALSE,Box 2G,I9,FALSE,Box 2H,I9,TRUE,Box 2I,I9,TRUE,Box 2J,I9,FALSE,Box 2K,,,TRUE,TRUE,FALSE,,,
25AB11_4X9Y,28/07/2025,Box 3A,A1,TRUE,Box 3B,A1,TRUE,Box 1C,B3,TRUE,Box 3D,,TRUE,Box 3E,A1,TRUE,Box 3F,A1,FALSE,Box 3G,A1,FALSE,Box 3H,A1,TRUE,Box 3I,A1,TRUE,Box 3J,A1,FALSE,Box 3K,,,TRUE,TRUE,TRUE,,,
25AB12_1Z3A,28/07/2025,Box 3A,A2,TRUE,Box 3B,A2,TRUE,Box 1C,B4,TRUE,Box 3D,,TRUE,Box 3E,A2,TRUE,Box 3F,A2,FALSE,Box 3G,A2,FALSE,Box 3H,A2,TRUE,Box 3I,A2,TRUE,Box 3J,A2,FALSE,Box 3K,,,TRUE,TRUE,FALSE,,,
25AB13_6B0C,28/07/2025,Box 3A,A3,TRUE,Box 3B,A3,TRUE,Box 1C,B5,TRUE,Box 3D,,TRUE,Box 3E,A3,TRUE,Box 3F,A3,FALSE,Box 3G,A3,FALSE,Box 3H,A3,TRUE,Box 3I,A3,TRUE,Box 3J,A3,FALSE,Box 3K,,,TRUE,TRUE,FALSE,,,
25AB14_2D8E,28/07/2025,Box 3A,A4,TRUE,Box 3B,A4,TRUE,Box 1C,,FALSE,Box 3D,,TRUE,Box 3E,A4,TRUE,Box 3F,A4,FALSE,Box 3G,A4,FALSE,Box 3H,A4,TRUE,Box 3I,A4,TRUE,Box 3J,A4,FALSE,Box 3K,,,TRUE,TRUE,TRUE,,,
25AB15_7F3G,29/07/2025,Box 3A,A5,TRUE,Box 3B,A5,TRUE,Box 1C,B6,TRUE,Box 3D,,TRUE,Box 3E,A5,TRUE,Box 3F,A5,FALSE,Box 3G,A5,FALSE,Box 3H,A5,TRUE,Box 3I,A5,TRUE,Box 3J,A5,FALSE,Box 3K,,,TRUE,TRUE,TRUE,,,
25AB16_0H6I,29/07/2025,Box 3A,A6,TRUE,Box 3B,A6,TRUE,Box 1C,B7,TRUE,Box 3D,,TRUE,Box 3E,A6,TRUE,Box 3F,A6,FALSE,Box 3G,A6,FALSE,Box 3H,A6,TRUE,Box 3I,A6,TRUE,Box 3J,A6,FALSE,Box 3K,,,TRUE,TRUE,TRUE,,,
25AB17_4J9K,29/07/2025,Box 3A,A7,TRUE,Box 3B,A7,TRUE,Box 1C,B8,TRUE,Box 3D,,TRUE,Box 3E,A7,TRUE,Box 3F,A7,FALSE,Box 3G,A7,FALSE,Box 3H,A7,TRUE,Box 3I,A7,TRUE,Box 3J,A7,FALSE,Box 3K,,,TRUE,TRUE,TRUE,,,
25AB18_8L1M,29/07/2025,Box 3A,A8,TRUE,Box 3B,A8,TRUE,Box 1C,B9,TRUE,Box 3D,,TRUE,Box 3E,A8,TRUE,Box 3F,A8,FALSE,Box 3G,A8,FALSE,Box 3H,A8,TRUE,Box 3I,A8,TRUE,Box 3J,A8,FALSE,Box 3K,,,TRUE,TRUE,TRUE,,,
25AB19_3N7O,29/07/2025,Box 3A,A9,TRUE,Box 3B,A9,TRUE,Box 1C,C1,TRUE,Box 3D,,TRUE,Box 3E,A9,TRUE,Box 3F,A9,FALSE,Box 3G,A9,FALSE,Box 3H,A9,TRUE,Box 3I,A9,TRUE,Box 3J,A9,FALSE,Box 3K,,,TRUE,TRUE,TRUE,,,
25AB20_9P0O,29/07/2025,Box 3A,B1,TRUE,Box 3B,B1,TRUE,Box 1C,C2,TRUE,Box 3D,,TRUE,Box 3E,B1,TRUE,Box 3F,B1,FALSE,Box 3G,B1,FALSE,Box 3H,B1,TRUE,Box 3I,B1,TRUE,Box 3J,B1,FALSE,Box 3K,,,TRUE,TRUE,TRUE,,,
25AB21_5R2S,29/07/2025,Box 3A,B2,TRUE,Box 3B,B2,TRUE,Box 1C,C3,TRUE,Box 3D,,TRUE,Box 3E,B2,TRUE,Box 3F,B2,FALSE,Box 3G,B2,FALSE,Box 3H,B2,TRUE,Box 3I,B2,TRUE,Box 3J,B2,FALSE,Box 3K,,,,,,,,
25AB22_7T3U,29/07/2025,Box 3A,B3,TRUE,Box 3B,B3,TRUE,Box 1C,C4,TRUE,Box 3D,,TRUE,Box 3E,B3,TRUE,Box 3F,B3,FALSE,Box 3G,B3,FALSE,Box 3H,B3,TRUE,Box 3I,B3,TRUE,Box 3J,B3,FALSE,Box 3K,,,,,,,,
25AB23_0V4W,29/07/2025,Box 3A,B4,TRUE,Box 3B,B4,TRUE,Box 1C,C5,TRUE,Box 3D,,TRUE,Box 3E,B4,TRUE,Box 3F,B4,FALSE,Box 3G,B4,FALSE,Box 3H,B4,TRUE,Box 3I,B4,TRUE,Box 3J,B4,FALSE,Box 3K,,,,,,,,
25AB24_6X9Y,29/07/2025,Box 3A,B5,TRUE,Box 3B,B5,TRUE,Box 1C,C6,TRUE,Box 3D,,TRUE,Box 3E,B5,TRUE,Box 3F,B5,FALSE,Box 3G,B5,FALSE,Box 3H,B5,TRUE,Box 3I,B5,TRUE,Box 3J,B5,FALSE,Box 3K,,,,,,,,
25AB25_3Z1A,29/07/2025,Box 3A,B6,TRUE,Box 3B,B6,TRUE,Box 1C,C7,TRUE,Box 3D,,TRUE,Box 3E,B6,TRUE,Box 3F,B6,FALSE,Box 3G,B6,FALSE,Box 3H,B6,TRUE,Box 3I,B6,TRUE,Box 3J,B6,FALSE,Box 3K,,,,,,,,
25AB26_8B4C,30/07/2025,Box 3A,B7,TRUE,Box 3B,B7,TRUE,Box 1C,C8,TRUE,Box 3D,,TRUE,Box 3E,B7,TRUE,Box 3F,B7,FALSE,Box 3G,B7,FALSE,Box 3H,B7,TRUE,Box 3I,B7,TRUE,Box 3J,B7,,Box 3K,,,,,,,,
25AB27_0D7E,30/07/2025,Box 3A,B8,TRUE,Box 3B,B8,TRUE,Box 1C,C9,TRUE,Box 3D,,TRUE,Box 3E,B8,TRUE,Box 3F,B8,FALSE,Box 3G,B8,FALSE,Box 3H,B8,TRUE,Box 3I,B8,TRUE,Box 3J,B8,,Box 3K,,,,,,,,
25AB28_6F96,30/07/2025,Box 3A,B9,TRUE,Box 3B,B9,TRUE,Box 1C,D1,TRUE,Box 3D,,TRUE,Box 3E,B9,TRUE,Box 3F,B9,FALSE,Box 3G,B9,FALSE,Box 3H,B9,TRUE,Box 3I,B9,TRUE,Box 3J,B9,,Box 3K,,,,,,,,
25AB29_2H41,30/07/2025,Box 3A,C1,TRUE,Box 3B,C1,TRUE,Box 1C,D2,TRUE,Box 3D,,TRUE,Box 3E,C1,TRUE,Box 3F,C1,FALSE,Box 3G,C1,FALSE,Box 3H,C1,TRUE,Box 3I,C1,TRUE,Box 3J,C1,,Box 3K,,,,,,,,
25AB30_9J3K,30/07/2025,Box 3A,C2,TRUE,Box 3B,C2,TRUE,Box 1C,D3,TRUE,Box 3D,,TRUE,Box 3E,C2,TRUE,Box 3F,C2,FALSE,Box 3G,C2,FALSE,Box 3H,C2,TRUE,Box 3I,C2,TRUE,Box 3J,C2,,Box 3K,,,,,,,,
25AB31_1L5M,30/07/2025,Box 3A,C3,TRUE,Box 3B,C3,TRUE,Box 1C,,FALSE,Box 3D,,TRUE,Box 3E,C3,FALSE,Box 3F,C3,FALSE,Box 3G,C3,FALSE,Box 3H,C3,TRUE,Box 3I,C3,FALSE,Box 3J,C3,,Box 3K,,,,,,,,
25AB32_4N80,30/07/2025,Box 3A,C4,TRUE,Box 3B,C4,TRUE,Box 1C,D4,TRUE,Box 3D,,TRUE,Box 3E,C4,TRUE,Box 3F,C4,FALSE,Box 3G,C4,FALSE,Box 3H,C4,TRUE,Box 3I,C4,TRUE,Box 3J,C4,,Box 3K,,,,,,,,
25AB33_7B1Q,30/07/2025,Box 3A,C5,TRUE,Box 3B,C5,TRUE,Box 1C,D5,TRUE,Box 3D,,TRUE,Box 3E,C5,TRUE,Box 3F,C5,FALSE,Box 3G,C5,FALSE,Box 3H,C5,TRUE,Box 3I,C5,TRUE,Box 3J,C5,,Box 3K,,,,,,,,
25AB34_0R5S,30/07/2025,Box 3A,C6,TRUE,Box 3B,C6,TRUE,Box 1C,D6,TRUE,Box 3D,,TRUE,Box 3E,C6,TRUE,Box 3F,C6,FALSE,Box 3G,C6,FALSE,Box 3H,C6,TRUE,Box 3I,C6,TRUE,Box 3J,C6,,Box 3K,,,,,,,,
25AB35_6T3U,30/07/2025,Box 3A,C7,TRUE,Box 3B,C7,TRUE,Box 1C,,FALSE,Box 3D,,TRUE,Box 3E,C7,TRUE,Box 3F,C7,FALSE,Box 3G,C7,FALSE,Box 3H,C7,TRUE,Box 3I,C7,TRUE,Box 3J,C7,,Box 3K,,,,,,,,
25AB36_1V8W,30/07/2025,Box 3A,C8,TRUE,Box 3B,C8,TRUE,Box 1C,D7,TRUE,Box 3D,,TRUE,Box 3E,C8,TRUE,Box 3F,C8,FALSE,Box 3G,C8,FALSE,Box 3H,C8,TRUE,Box 3I,C8,TRUE,Box 3J,C8,,Box 3K,,,,,,,,
25AB37_4X2Y,31/07/2025,Box 3A,C9,TRUE,Box 3B,C9,TRUE,Box 1C,D8,TRUE,Box 3D,,TRUE,Box 3E,C9,TRUE,Box 3F,C9,FALSE,Box 3G,C9,FALSE,Box 3H,C9,TRUE,Box 3I,C9,TRUE,Box 3J,C9,,Box 3K,,,,,,,,
25AB38_9Z5A,31/07/2025,Box 3A,D1,TRUE,Box 3B,D1,TRUE,Box 1C,D9,TRUE,Box 3D,,TRUE,Box 3E,D1,TRUE,Box 3F,D1,FALSE,Box 3G,D1,FALSE,Box 3H,D1,TRUE,Box 3I,D1,TRUE,Box 3J,D1,,Box 3K,,,,,,,,
25AB39_3B7C,31/07/2025,Box 3A,D2,TRUE,Box 3B,D2,TRUE,Box 1C,E1,TRUE,Box 3D,,TRUE,Box 3E,D2,TRUE,Box 3F,D2,FALSE,Box 3G,D2,FALSE,Box 3H,D2,TRUE,Box 3I,D2,TRUE,Box 3J,D2,,Box 3K,,,,,,,,
25AB40_8DOE,31/07/2025,Box 3A,D3,TRUE,Box 3B,D3,TRUE,Box 1C,E2,TRUE,Box 3D,,TRUE,Box 3E,D3,TRUE,Box 3F,D3,FALSE,Box 3G,D3,FALSE,Box 3H,D3,TRUE,Box 3I,D3,TRUE,Box 3J,D3,,Box 3K,,,,,,,,
25AB41_5F9G,31/07/2025,Box 3A,D4,TRUE,Box 3B,D4,TRUE,Box 1C,E3,TRUE,Box 3D,,TRUE,Box 3E,D4,TRUE,Box 3F,D4,FALSE,Box 3G,D4,FALSE,Box 3H,D4,TRUE,Box 3I,D4,TRUE,Box 3J,D4,,Box 3K,,,,,,,,
25AB42_2H6I,31/07/2025,Box 3A,D5,TRUE,Box 3B,D5,TRUE,Box 1C,E4,TRUE,Box 3D,,TRUE,Box 3E,D5,TRUE,Box 3F,D5,FALSE,Box 3G,D5,FALSE,Box 3H,D5,TRUE,Box 3I,D5,TRUE,Box 3J,D5,,Box 3K,,,,,,,,
25AB43_0J4K,31/07/2025,Box 3A,D6,TRUE,Box 3B,D6,TRUE,Box 1C,E5,TRUE,Box 3D,,TRUE,Box 3E,D6,TRUE,Box 3F,D6,FALSE,Box 3G,D6,FALSE,Box 3H,D6,TRUE,Box 3I,D6,TRUE,Box 3J,D6,,Box 3K,,,,,,,,
25AB44_7L1M,31/07/2025,Box 3A,D7,TRUE,Box 3B,D7,TRUE,Box 1C,E6,TRUE,Box 3D,,TRUE,Box 3E,D7,TRUE,Box 3F,D7,FALSE,Box 3G,D7,FALSE,Box 3H,D7,TRUE,Box 3I,D7,TRUE,Box 3J,D7,,Box 3K,,,,,,,,
25AB45_3N8O,31/07/2025,Box 3A,D8,TRUE,Box 3B,D8,TRUE,Box 1C,E7,TRUE,Box 3D,,TRUE,Box 3E,D8,TRUE,Box 3F,D8,FALSE,Box 3G,D8,FALSE,Box 3H,D8,TRUE,Box 3I,D8,TRUE,Box 3J,D8,,Box 3K,,,,,,,,
25AB46_9PSQ,31/07/2025,Box 3A,D9,TRUE,Box 3B,D9,TRUE,Box 1C,E8,TRUE,Box 3D,,TRUE,Box 3E,D9,TRUE,Box 3F,D9,FALSE,Box 3G,D9,FALSE,Box 3H,D9,TRUE,Box 3I,D9,TRUE,Box 3J,D9,,Box 3K,,,,,,,,
25AB47_2ROS,01/08/2025,Box 3A,E1,TRUE,Box 3B,E1,TRUE,Box 1C,E9,TRUE,Box 3D,,TRUE,Box 3E,E1,TRUE,Box 3F,E1,FALSE,Box 3G,E1,FALSE,Box 3H,E1,TRUE,Box 3I,E1,TRUE,Box 3J,E1,,Box 3K,,,,,,,,
25AB48_8T4U,01/08/2025,Box 3A,E2,TRUE,Box 3B,E2,TRUE,Box 1C,F1,TRUE,Box 3D,,TRUE,Box 3E,E2,TRUE,Box 3F,E2,FALSE,Box 3G,E2,FALSE,Box 3H,E2,TRUE,Box 3I,E2,TRUE,Box 3J,E2,,Box 3K,,,,,,,,
25AB49_1V3W,01/08/2025,Box 3A,E3,TRUE,Box 3B,E3,TRUE,Box 1C,F2,TRUE,Box 3D,,TRUE,Box 3E,E3,TRUE,Box 3F,E3,FALSE,Box 3G,E3,FALSE,Box 3H,E3,TRUE,Box 3I,E3,TRUE,Box 3J,E3,,Box 3K,,,,,,,,
25AB50_6X7Y,01/08/2025,Box 3A,E4,TRUE,Box 3B,E4,TRUE,Box 1C,F3,TRUE,Box 3D,,TRUE,Box 3E,E4,TRUE,Box 3F,E4,FALSE,Box 3G,E4,FALSE,Box 3H,E4,TRUE,Box 3I,E4,FALSE,Box 3J,E4,,Box 3K,,,,,,,,
25AB51_0Z2A,01/08/2025,Box 3A,E5,TRUE,Box 3B,E5,TRUE,Box 1C,F4,TRUE,Box 3D,,TRUE,Box 3E,E5,TRUE,Box 3F,E5,FALSE,Box 3G,E5,FALSE,Box 3H,E5,TRUE,Box 3I,E5,TRUE,Box 3J,E5,,Box 3K,,,,,,,,
25AB52_4B8C,01/08/2025,Box 3A,E6,TRUE,Box 3B,E6,TRUE,Box 1C,F5,TRUE,Box 3D,,TRUE,Box 3E,E6,TRUE,Box 3F,E6,FALSE,Box 3G,E6,FALSE,Box 3H,E6,TRUE,Box 3I,E6,TRUE,Box 3J,E6,,Box 3K,,,,,,,,
25AB53_9D5E,01/08/2025,Box 3A,E7,TRUE,Box 3B,E7,TRUE,Box 1C,F6,TRUE,Box 3D,,TRUE,Box 3E,E7,TRUE,Box 3F,E7,FALSE,Box 3G,E7,FALSE,Box 3H,E7,TRUE,Box 3I,E7,FALSE,Box 3J,E7,,Box 3K,,,,,,,,
25AB54_6F3G,01/08/2025,Box 3A,E8,TRUE,Box 3B,E8,TRUE,Box 1C,F7,TRUE,Box 3D,,TRUE,Box 3E,E8,TRUE,Box 3F,E8,FALSE,Box 3G,E8,FALSE,Box 3H,E8,TRUE,Box 3I,E8,TRUE,Box 3J,E8,,Box 3K,,,,,,,,
25AB55_OH7I,01/08/2025,Box 3A,E9,TRUE,Box 3B,E9,TRUE,Box 1C,F8,TRUE,Box 3D,,TRUE,Box 3E,E9,TRUE,Box 3F,E9,FALSE,Box 3G,E9,FALSE,Box 3H,E9,TRUE,Box 3I,E9,TRUE,Box 3J,E9,,Box 3K,,,,,,,,
25AB56_5J1K_a,01/08/2025,Box 3A,F1,TRUE,Box 3B,F1,TRUE,Box 1C,F9,TRUE,Box 3D,,TRUE,Box 3E,F1,TRUE,Box 3F,F1,TRUE,Box 3G,F1,FALSE,Box 3H,F1,TRUE,Box 3I,F1,TRUE,Box 3J,F1,,Box 3K,,,,,,,,"animal ID given twice, verify correct sample"
25AB56_5J1K_b,21/09/2025,Box 3A,F2,TRUE,Box 3B,F2,TRUE,Box 1C,,FALSE,Box 3D,,TRUE,Box 3E,F2,TRUE,Box 3F,F2,FALSE,Box 3G,F2,FALSE,Box 3H,F2,TRUE,Box 3I,F2,TRUE,Box 3J,F2,,Box 3K,,,,,,,,"animal ID given twice, verify correct sample"
25AB57_8L2M,21/09/2025,Box 3A,F3,TRUE,Box 3B,F3,TRUE,Box 1C,,FALSE,Box 3D,,TRUE,Box 3E,F3,TRUE,Box 3F,F3,TRUE,Box 3G,F3,FALSE,Box 3H,F3,TRUE,Box 3I,F3,TRUE,Box 3J,F3,,Box 3K,,,,,,,,
25AB58_3N6O,21/09/2025,Box 3A,F4,TRUE,Box 3B,F4,TRUE,Box 1C,,FALSE,Box 3D,,TRUE,Box 3E,F4,TRUE,Box 3F,F4,FALSE,Box 3G,F4,FALSE,Box 3H,F4,TRUE,Box 3I,F4,TRUE,Box 3J,F4,,Box 3K,,,,,,,,
25AB59_7P9Q,22/09/2025,Box 3A,F5,TRUE,Box 3B,F5,TRUE,Box 1C,,FALSE,Box 3D,,TRUE,Box 3E,F5,TRUE,Box 3F,F5,FALSE,Box 3G,F5,FALSE,Box 3H,F5,TRUE,Box 3I,F5,TRUE,Box 3J,F5,,Box 3K,,,,,,,,
25AB60_2R4S,22/09/2025,Box 3A,F6,TRUE,Box 3B,F6,FALSE,Box 1C,G1,TRUE,Box 3D,,TRUE,Box 3E,F6,TRUE,Box 3F,F6,FALSE,Box 3G,F6,FALSE,Box 3H,F6,TRUE,Box 3I,F6,TRUE,Box 3J,F6,,Box 3K,,,,,,,,
25AB61_9T1U,22/09/2025,Box 3A,F7,TRUE,Box 3B,F7,TRUE,Box 1C,,FALSE,Box 3D,,TRUE,Box 3E,F7,TRUE,Box 3F,F7,FALSE,Box 3G,F7,FALSE,Box 3H,F7,TRUE,Box 3I,F7,TRUE,Box 3J,F7,,Box 3K,,,,,,,,
25AB62_6V0W,23/09/2025,Box 3A,F8,TRUE,Box 3B,F8,TRUE,Box 1C,,FALSE,Box 3D,,TRUE,Box 3E,F8,TRUE,Box 3F,F8,TRUE,Box 3G,F8,FALSE,Box 3H,F8,TRUE,Box 3I,F8,TRUE,Box 3J,F8,,Box 3K,,,,,,,,
25AB63_3X5Y,23/09/2025,Box 3A,F9,TRUE,Box 3B,F9,TRUE,Box 1C,,FALSE,Box 3D,,TRUE,Box 3E,F9,TRUE,Box 3F,F9,FALSE,Box 3G,F9,FALSE,Box 3H,F9,TRUE,Box 3I,F9,TRUE,Box 3J,F9,,Box 3K,,,,,,,,
25AB64_8Z2A,23/09/2025,Box 3A,G1,TRUE,Box 3B,G1,TRUE,Box 1C,,FALSE,Box 3D,,TRUE,Box 3E,G1,TRUE,Box 3F,G1,TRUE,Box 3G,G1,FALSE,Box 3H,G1,TRUE,Box 3I,G1,TRUE,Box 3J,G1,,Box 3K,,,,,,,,
25AB65_4B9C,23/09/2025,Box 3A,G2,TRUE,Box 3B,G2,TRUE,Box 1C,,FALSE,Box 3D,,TRUE,Box 3E,G2,TRUE,Box 3F,G2,TRUE,Box 3G,G2,FALSE,Box 3H,G2,TRUE,Box 3I,G2,TRUE,Box 3J,G2,,Box 3K,,,,,,,,
25AB66_1D6E,23/09/2025,Box 3A,G3,TRUE,Box 3B,G3,TRUE,Box 1C,,FALSE,Box 3D,,TRUE,Box 3E,G3,TRUE,Box 3F,G3,TRUE,Box 3G,G3,FALSE,Box 3H,G3,TRUE,Box 3I,G3,TRUE,Box 3J,G3,,Box 3K,,,,,,,,
25AB67_7F3G,23/09/2025,Box 3A,G4,TRUE,Box 3B,G4,TRUE,Box 1C,,FALSE,Box 3D,,TRUE,Box 3E,G4,TRUE,Box 3F,G4,FALSE,Box 3G,G4,FALSE,Box 3H,G4,TRUE,Box 3I,G4,TRUE,Box 3J,G4,,Box 3K,,,,,,,,
25AB68_2H0I,23/09/2025,Box 3A,G5,TRUE,Box 3B,G5,TRUE,Box 1C,,FALSE,Box 3D,,TRUE,Box 3E,G5,TRUE,Box 3F,G5,FALSE,Box 3G,G5,FALSE,Box 3H,G5,TRUE,Box 3I,G5,TRUE,Box 3J,G5,,Box 3K,,,,,,,,
25AB69_5J8K,23/09/2025,Box 3A,G6,TRUE,Box 3B,G6,TRUE,Box 1C,G2,TRUE,Box 3D,,TRUE,Box 3E,G6,TRUE,Box 3F,G6,FALSE,Box 3G,G6,FALSE,Box 3H,G6,TRUE,Box 3I,G6,TRUE,Box 3J,G6,,Box 3K,,,,,,,,
25AB70_0L1M,23/09/2025,Box 3A,G7,TRUE,Box 3B,G7,TRUE,Box 1C,,FALSE,Box 3D,,TRUE,Box 3E,G7,TRUE,Box 3F,G7,FALSE,Box 3G,G7,FALSE,Box 3H,G7,TRUE,Box 3I,G7,TRUE,Box 3J,G7,,Box 3K,,,,,,,,
25AB71_9N3O,23/09/2025,Box 3A,G8,TRUE,Box 3B,G8,TRUE,Box 1C,,FALSE,Box 3D,,TRUE,Box 3E,G8,TRUE,Box 3F,G8,TRUE,Box 3G,G8,FALSE,Box 3H,G8,TRUE,Box 3I,G8,TRUE,Box 3J,G8,,Box 3K,,,,,,,,
25AB72_6P5Q,23/09/2025,Box 3A,G9,TRUE,Box 3B,G9,TRUE,Box 1C,,FALSE,Box 3D,,TRUE,Box 3E,G9,TRUE,Box 3F,G9,FALSE,Box 3G,G9,FALSE,Box 3H,G9,TRUE,Box 3I,G9,TRUE,Box 3J,G9,,Box 3K,,,,,,,,
25AB73_1R0S,23/09/2025,Box 3A,H1,TRUE,Box 3B,H1,TRUE,Box 1C,,FALSE,Box 3D,,TRUE,Box 3E,H1,TRUE,Box 3F,H1,FALSE,Box 3G,H1,FALSE,Box 3H,H1,TRUE,Box 3I,H1,TRUE,Box 3J,H1,,Box 3K,,,,,,,,
25AB74_8T7U,24/09/2025,Box 3A,H2,TRUE,Box 3B,H2,TRUE,Box 1C,,FALSE,Box 3D,,TRUE,Box 3E,H2,TRUE,Box 3F,H2,TRUE,Box 3G,H2,FALSE,Box 3H,H2,TRUE,Box 3I,H2,TRUE,Box 3J,H2,,Box 3K,,,,,,,,
25AB75_4V2W,24/09/2025,Box 3A,H3,TRUE,Box 3B,H3,TRUE,Box 1C,,FALSE,Box 3D,,TRUE,Box 3E,H3,TRUE,Box 3F,H3,TRUE,Box 3G,H3,FALSE,Box 3H,H3,TRUE,Box 3I,H3,TRUE,Box 3J,H3,,Box 3K,,,,,,,,
25AB76_9X5Y,24/09/2025,Box 3A,H4,TRUE,Box 3B,H4,TRUE,Box 1C,,FALSE,Box 3D,,TRUE,Box 3E,H4,TRUE,Box 3F,H4,TRUE,Box 3G,H4,FALSE,Box 3H,H4,TRUE,Box 3I,H4,TRUE,Box 3J,H4,,Box 3K,,,,,,,,
25AB77_1Z8A,25/09/2025,Box 3A,H5,TRUE,Box 3B,H5,TRUE,Box 1C,,FALSE,Box 3D,,TRUE,Box 3E,H5,TRUE,Box 3F,H5,FALSE,Box 3G,H5,FALSE,Box 3H,H5,TRUE,Box 3I,H5,TRUE,Box 3J,H5,,Box 3K,,,,,,,,
25AB78_6B3C,25/09/2025,Box 3A,H6,TRUE,Box 3B,H6,TRUE,Box 1C,,FALSE,Box 3D,,TRUE,Box 3E,H6,TRUE,Box 3F,H6,FALSE,Box 3G,H6,FALSE,Box 3H,H6,TRUE,Box 3I,H6,TRUE,Box 3J,H6,,Box 3K,,,,,,,,
25AB79_2D7E,25/09/2025,Box 3A,H7,TRUE,Box 3B,H7,TRUE,Box 1C,,FALSE,Box 3D,,TRUE,Box 3E,H7,TRUE,Box 3F,H7,FALSE,Box 3G,H7,FALSE,Box 3H,H7,TRUE,Box 3I,H7,TRUE,Box 3J,H7,,Box 3K,,,,,,,,
25AB80_0F4G,25/09/2025,Box 3A,H8,TRUE,Box 3B,H8,FALSE,Box 1C,,FALSE,Box 3D,,FALSE,Box 3E,H8,FALSE,Box 3F,H8,FALSE,Box 3G,H8,FALSE,Box 3H,H8,TRUE,Box 3I,H8,FALSE,Box 3J,H8,,Box 3K,,,,,,,,
25AB81_5L9M,26/09/2025,Box 3A,H9,TRUE,Box 3B,H9,TRUE,Box 1C,,FALSE,Box 3D,,TRUE,Box 3E,H9,TRUE,Box 3F,H9,FALSE,Box 3G,H9,FALSE,Box 3H,H9,TRUE,Box 3I,H9,TRUE,Box 3J,H9,,Box 3K,,,,,,,,
25AB82_5J1K,26/09/2025,Box 3A,I1,TRUE,Box 3B,I1,TRUE,Box 1C,,FALSE,Box 3D,,TRUE,Box 3E,I1,TRUE,Box 3F,I1,FALSE,Box 3G,I1,FALSE,Box 3H,I1,TRUE,Box 3I,I1,TRUE,Box 3J,I1,,Box 3K,,,,,,,,
25AB83_8L2M,26/09/2025,Box 3A,I2,TRUE,Box 3B,I2,FALSE,Box 1C,,FALSE,Box 3D,,TRUE,Box 3E,I2,TRUE,Box 3F,I2,FALSE,Box 3G,I2,FALSE,Box 3H,I2,TRUE,Box 3I,I2,TRUE,Box 3J,I2,,Box 3K,,,,,,,,
25AB84_3N6O,26/09/2025,Box 3A,I3,TRUE,Box 3B,I3,TRUE,Box 1C,,FALSE,Box 3D,,TRUE,Box 3E,I3,TRUE,Box 3F,I3,FALSE,Box 3G,I3,FALSE,Box 3H,I3,TRUE,Box 3I,I3,TRUE,Box 3J,I3,,Box 3K,,,,,,,,
25AB85_7P9Q,26/09/2025,Box 3A,I4,TRUE,Box 3B,I4,TRUE,Box 1C,,FALSE,Box 3D,,TRUE,Box 3E,I4,TRUE,Box 3F,I4,FALSE,Box 3G,I4,FALSE,Box 3H,I4,TRUE,Box 3I,I4,TRUE,Box 3J,I4,,Box 3K,,,,,,,,
25AB86_2R4S,26/09/2025,Box 3A,I5,TRUE,Box 3B,I5,TRUE,Box 1C,,FALSE,Box 3D,,TRUE,Box 3E,I5,TRUE,Box 3F,I5,FALSE,Box 3G,I5,FALSE,Box 3H,I5,TRUE,Box 3I,I5,TRUE,Box 3J,I5,,Box 3K,,,,,,,,
25AB87_9T1U,26/09/2025,Box 3A,I6,TRUE,Box 3B,I6,TRUE,Box 1C,,FALSE,Box 3D,,TRUE,Box 3E,I6,TRUE,Box 3F,I6,FALSE,Box 3G,I6,FALSE,Box 3H,I6,TRUE,Box 3I,I6,TRUE,Box 3J,I6,,Box 3K,,,,,,,,
25AB88_6V0W,27/09/2025,Box 3A,I7,TRUE,Box 3B,I7,TRUE,Box 1C,,FALSE,Box 3D,,TRUE,Box 3E,I7,TRUE,Box 3F,I7,FALSE,Box 3G,I7,FALSE,Box 3H,I7,TRUE,Box 3I,I7,FALSE,Box 3J,I7,,Box 3K,,,,,,,,
25AB89_3X5Y,27/09/2025,Box 3A,I8,TRUE,Box 3B,I8,TRUE,Box 1C,,FALSE,Box 3D,,TRUE,Box 3E,I8,TRUE,Box 3F,I8,FALSE,Box 3G,I8,FALSE,Box 3H,I8,TRUE,Box 3I,I8,TRUE,Box 3J,I8,,Box 3K,,,,,,,,
25AB90_8Z2A,27/09/2025,Box 3A,I9,TRUE,Box 3B,I9,TRUE,Box 1C,,FALSE,Box 3D,,TRUE,Box 3E,I9,TRUE,Box 3F,I9,FALSE,Box 3G,I9,FALSE,Box 3H,I9,TRUE,Box 3I,I9,TRUE,Box 3J,I9,,Box 3K,,,,,,,,
25AB91_4B9C,27/09/2025,Box 4A,A1,TRUE,Box 4B,A1,FALSE,Box 1C,,FALSE,Box 4D,,TRUE,Box 4E,A1,FALSE,Box 4F,A1,FALSE,Box 4G,A1,FALSE,Box 4H,A1,TRUE,Box 4I,A1,FALSE,Box 4J,A1,,Box 4K,,,,,,,,
25AB92_1D6E,27/09/2025,Box 4A,A2,TRUE,Box 4B,A2,TRUE,Box 1C,,FALSE,Box 4D,,TRUE,Box 4E,A2,TRUE,Box 4F,A2,FALSE,Box 4G,A2,FALSE,Box 4H,A2,TRUE,Box 4I,A2,TRUE,Box 4J,A2,,Box 4K,,,,,,,,
25AB93_7F3G,27/09/2025,Box 4A,A3,TRUE,Box 4B,A3,TRUE,Box 1C,,FALSE,Box 4D,,TRUE,Box 4E,A3,TRUE,Box 4F,A3,FALSE,Box 4G,A3,FALSE,Box 4H,A3,TRUE,Box 4I,A3,TRUE,Box 4J,A3,,Box 4K,,,,,,,,
25AB94_2H0I,27/09/2025,Box 4A,A4,TRUE,Box 4B,A4,TRUE,Box 1C,,FALSE,Box 4D,,TRUE,Box 4E,A4,TRUE,Box 4F,A4,FALSE,Box 4G,A4,FALSE,Box 4H,A4,TRUE,Box 4I,A4,TRUE,Box 4J,A4,,Box 4K,,,,,,,,
25AB95_5J8K,27/09/2025,Box 4A,A5,TRUE,Box 4B,A5,TRUE,Box 1C,G3,TRUE,Box 4D,,TRUE,Box 4E,A5,TRUE,Box 4F,A5,FALSE,Box 4G,A5,FALSE,Box 4H,A5,TRUE,Box 4I,A5,TRUE,Box 4J,A5,,Box 4K,,,,,,,,
25AB96_0L1M,27/09/2025,Box 4A,A6,TRUE,Box 4B,A6,TRUE,Box 1C,,FALSE,Box 4D,,TRUE,Box 4E,A6,TRUE,Box 4F,A6,FALSE,Box 4G,A6,FALSE,Box 4H,A6,TRUE,Box 4I,A6,TRUE,Box 4J,A6,,Box 4K,,,,,,,,
25AB97_9N3O,27/09/2025,Box 4A,A7,TRUE,Box 4B,A7,TRUE,Box 1C,,FALSE,Box 4D,,TRUE,Box 4E,A7,TRUE,Box 4F,A7,FALSE,Box 4G,A7,FALSE,Box 4H,A7,TRUE,Box 4I,A7,TRUE,Box 4J,A7,,Box 4K,,,,,,,,
25AB98_6P5Q,27/09/2025,Box 4A,A8,TRUE,Box 4B,A8,TRUE,Box 1C,,FALSE,Box 4D,,TRUE,Box 4E,A8,TRUE,Box 4F,A8,FALSE,Box 4G,A8,FALSE,Box 4H,A8,TRUE,Box 4I,A8,TRUE,Box 4J,A8,,Box 4K,,,,,,,,
25AB99_1R0S,27/09/2025,Box 4A,A9,TRUE,Box 4B,A9,FALSE,Box 1C,,FALSE,Box 4D,,TRUE,Box 4E,A9,TRUE,Box 4F,A9,FALSE,Box 4G,A9,FALSE,Box 4H,A9,FALSE,Box 4I,A9,FALSE,Box 4J,A9,,Box 4K,,,,,,,,
25AB100_8T7U,27/09/2025,Box 4A,B1,FALSE,Box 4B,B1,FALSE,Box 1C,,FALSE,Box 4D,,TRUE,Box 4E,B1,FALSE,Box 4F,B1,FALSE,Box 4G,B1,FALSE,Box 4H,B1,FALSE,Box 4I,B1,FALSE,Box 4J,B1,,Box 4K,,,,,,,,
25AB101,,Box 4A,B2,FALSE,Box 4B,B2,FALSE,Box 1C,,FALSE,Box 4D,,FALSE,Box 4E,B2,FALSE,Box 4F,B2,FALSE,Box 4G,B2,FALSE,Box 4H,B2,FALSE,Box 4I,B2,FALSE,Box 4J,B2,,Box 4K,,,,,,,,
25AB102,,Box 4A,B3,FALSE,Box 4B,B3,FALSE,Box 1C,,FALSE,Box 4D,,FALSE,Box 4E,B3,FALSE,Box 4F,B3,FALSE,Box 4G,B3,FALSE,Box 4H,B3,FALSE,Box 4I,B3,FALSE,Box 4J,B3,,Box 4K,,,,,,,,
25AB103,,Box 4A,B4,FALSE,Box 4B,B4,FALSE,Box 1C,,FALSE,Box 4D,,FALSE,Box 4E,B4,FALSE,Box 4F,B4,FALSE,Box 4G,B4,FALSE,Box 4H,B4,FALSE,Box 4I,B4,FALSE,Box 4J,B4,,Box 4K,,,,,,,,
25AB104_6B3C,27/09/2025,Box 4A,B5,FALSE,Box 4B,B5,FALSE,Box 1C,,FALSE,Box 4D,,FALSE,Box 4E,B5,FALSE,Box 4F,B5,FALSE,Box 4G,B5,FALSE,Box 4H,B5,FALSE,Box 4I,B5,FALSE,Box 4J,B5,,Box 4K,,,,,,,,
25AC01_4V2W,28/09/2025,Box 4A,B6,TRUE,Box 4B,B6,FALSE,Box 1C,,FALSE,Box 4D,,TRUE,Box 4E,B6,FALSE,Box 4F,B6,FALSE,Box 4G,B6,FALSE,Box 4H,B6,TRUE,Box 4I,B6,TRUE,Box 4J,B6,,Box 4K,,,,,,,,
25AC02_9X5Y,28/09/2025,Box 4A,B7,TRUE,Box 4B,B7,TRUE,Box 1C,G4,TRUE,Box 4D,,TRUE,Box 4E,B7,FALSE,Box 4F,B7,FALSE,Box 4G,B7,FALSE,Box 4H,B7,TRUE,Box 4I,B7,TRUE,Box 4J,B7,,Box 4K,,,,,,,,
25AC03_1Z8A,19/11/2025,Box 4A,B8,TRUE,Box 4B,B8,TRUE,Box 1C,,FALSE,Box 4D,,TRUE,Box 4E,B8,TRUE,Box 4F,B8,TRUE,Box 4G,B8,,Box 4H,B8,TRUE,Box 4I,B8,TRUE,Box 4J,B8,,Box 4K,,,,,,,,
25AC04_6B3C,19/11/2025,Box 4A,B9,TRUE,Box 4B,B9,TRUE,Box 1C,,FALSE,Box 4D,,TRUE,Box 4E,B9,TRUE,Box 4F,B9,TRUE,Box 4G,B9,,Box 4H,B9,TRUE,Box 4I,B9,TRUE,Box 4J,B9,,Box 4K,,,,,,,,
25AC05_2D7E,19/11/2025,Box 4A,C1,TRUE,Box 4B,C1,TRUE,Box 1C,,FALSE,Box 4D,,TRUE,Box 4E,C1,TRUE,Box 4F,C1,TRUE,Box 4G,C1,,Box 4H,C1,TRUE,Box 4I,C1,TRUE,Box 4J,C1,,Box 4K,,,,,,,,
25AC06_0F4G,20/11/2025,Box 4A,C2,TRUE,Box 4B,C2,TRUE,Box 1C,,FALSE,Box 4D,,TRUE,Box 4E,C2,TRUE,Box 4F,C2,TRUE,Box 4G,C2,,Box 4H,C2,TRUE,Box 4I,C2,TRUE,Box 4J,C2,,Box 4K,,,,,,,,
25AC07_5H9I,20/11/2025,Box 4A,C3,TRUE,Box 4B,C3,TRUE,Box 1C,,FALSE,Box 4D,,TRUE,Box 4E,C3,TRUE,Box 4F,C3,TRUE,Box 4G,C3,,Box 4H,C3,TRUE,Box 4I,C3,TRUE,Box 4J,C3,,Box 4K,,,,,,,,
25AC08_3J8K,20/11/2025,Box 4A,C4,TRUE,Box 4B,C4,TRUE,Box 1C,,FALSE,Box 4D,,TRUE,Box 4E,C4,TRUE,Box 4F,C4,TRUE,Box 4G,C4,,Box 4H,C4,TRUE,Box 4I,C4,TRUE,Box 4J,C4,,Box 4K,,,,,,,,
25AC09_7L0M,20/11/2025,Box 4A,C5,TRUE,Box 4B,C5,TRUE,Box 1C,,FALSE,Box 4D,,TRUE,Box 4E,C5,TRUE,Box 4F,C5,TRUE,Box 4G,C5,,Box 4H,C5,TRUE,Box 4I,C5,TRUE,Box 4J,C5,,Box 4K,,,,,,,,
25AC10_4N6O,17/11/2025,Box 4A,C6,TRUE,Box 4B,C6,TRUE,Box 1C,,FALSE,Box 4D,,TRUE,Box 4E,C6,TRUE,Box 4F,C6,TRUE,Box 4G,C6,TRUE,Box 4H,C6,TRUE,Box 4I,C6,TRUE,Box 4J,C6,TRUE,Box 4K,,,,,,,,
25AC11_9P3Q,17/11/2025,Box 4A,C7,TRUE,Box 4B,C7,TRUE,Box 1C,,FALSE,Box 4D,,TRUE,Box 4E,C7,TRUE,Box 4F,C7,TRUE,Box 4G,C7,TRUE,Box 4H,C7,TRUE,Box 4I,C7,TRUE,Box 4J,C7,,Box 4K,,,,,,,,
25AC12_6R1S,17/11/2025,Box 4A,C8,TRUE,Box 4B,C8,TRUE,Box 1C,,FALSE,Box 4D,,TRUE,Box 4E,C8,TRUE,Box 4F,C8,TRUE,Box 4G,C8,TRUE,Box 4H,C8,TRUE,Box 4I,C8,TRUE,Box 4J,C8,,Box 4K,,,,,,,,
25AC13_2T5U,17/11/2025,Box 4A,C9,TRUE,Box 4B,C9,TRUE,Box 1C,,FALSE,Box 4D,,TRUE,Box 4E,C9,TRUE,Box 4F,C9,TRUE,Box 4G,C9,TRUE,Box 4H,C9,TRUE,Box 4I,C9,TRUE,Box 4J,C9,,Box 4K,,,,,,,,
25AC14_0V8W,17/11/2025,Box 4A,D1,TRUE,Box 4B,D1,TRUE,Box 1C,G5,TRUE,Box 4D,,TRUE,Box 4E,D1,TRUE,Box 4F,D1,TRUE,Box 4G,D1,TRUE,Box 4H,D1,TRUE,Box 4I,D1,TRUE,Box 4J,D1,TRUE,Box 4K,,,,,,,,
25AC15_4X1Y,17/11/2025,Box 4A,D2,TRUE,Box 4B,D2,TRUE,Box 1C,G6,TRUE,Box 4D,,TRUE,Box 4E,D2,TRUE,Box 4F,D2,TRUE,Box 4G,D2,TRUE,Box 4H,D2,TRUE,Box 4I,D2,TRUE,Box 4J,D2,,Box 4K,,,,,,,,
25AC16_9Z3A,17/11/2025,Box 4A,D3,TRUE,Box 4B,D3,TRUE,Box 1C,G7,TRUE,Box 4D,,TRUE,Box 4E,D3,TRUE,Box 4F,D3,TRUE,Box 4G,D3,TRUE,Box 4H,D3,TRUE,Box 4I,D3,TRUE,Box 4J,D3,TRUE,Box 4K,,,,,,,,
25AC17_5B6C,17/11/2025,Box 4A,D4,TRUE,Box 4B,D4,TRUE,Box 1C,G8,TRUE,Box 4D,,TRUE,Box 4E,D4,TRUE,Box 4F,D4,TRUE,Box 4G,D4,TRUE,Box 4H,D4,TRUE,Box 4I,D4,TRUE,Box 4J,D4,,Box 4K,,,,,,,,
25AC18_1D8E,17/11/2025,Box 4A,D5,TRUE,Box 4B,D5,TRUE,Box 1C,G9,TRUE,Box 4D,,TRUE,Box 4E,D5,TRUE,Box 4F,D5,TRUE,Box 4G,D5,TRUE,Box 4H,D5,TRUE,Box 4I,D5,TRUE,Box 4J,D5,,Box 4K,,,,,,,,
25AC19_7F0G,18/11/2025,Box 4A,D6,TRUE,Box 4B,D6,TRUE,Box 1C,H1,TRUE,Box 4D,,TRUE,Box 4E,D6,TRUE,Box 4F,D6,TRUE,Box 4G,D6,TRUE,Box 4H,D6,TRUE,Box 4I,D6,TRUE,Box 4J,D6,,Box 4K,,,,,,,,
25AC20_2H3I,18/11/2025,Box 4A,D7,TRUE,Box 4B,D7,TRUE,Box 1C,H2,TRUE,Box 4D,,TRUE,Box 4E,D7,TRUE,Box 4F,D7,TRUE,Box 4G,D7,TRUE,Box 4H,D7,TRUE,Box 4I,D7,TRUE,Box 4J,D7,,Box 4K,,,,,,,,
25AC21_8J6K,18/11/2025,Box 4A,D8,TRUE,Box 4B,D8,TRUE,Box 1C,H3,TRUE,Box 4D,,TRUE,Box 4E,D8,TRUE,Box 4F,D8,TRUE,Box 4G,D8,TRUE,Box 4H,D8,TRUE,Box 4I,D8,TRUE,Box 4J,D8,,Box 4K,,,,,,,,
25AC22_5L9M,18/11/2025,Box 4A,D9,TRUE,Box 4B,D9,TRUE,Box 1C,H4,TRUE,Box 4D,,TRUE,Box 4E,D9,TRUE,Box 4F,D9,TRUE,Box 4G,D9,TRUE,Box 4H,D9,TRUE,Box 4I,D9,TRUE,Box 4J,D9,,Box 4K,,,,,,,,
25AC23_0N1O,20/11/2025,Box 4A,E1,TRUE,Box 4B,E1,TRUE,Box 1C,H5,TRUE,Box 4D,,TRUE,Box 4E,E1,TRUE,Box 4F,E1,TRUE,Box 4G,E1,TRUE,Box 4H,E1,TRUE,Box 4I,E1,TRUE,Box 4J,E1,,Box 4K,,,,,,,,
25AC24_6P7Q,20/11/2025,Box 4A,E2,TRUE,Box 4B,E2,TRUE,Box 1C,H6,TRUE,Box 4D,,TRUE,Box 4E,E2,TRUE,Box 4F,E2,,Box 4G,E2,,Box 4H,E2,TRUE,Box 4I,E2,TRUE,Box 4J,E2,,Box 4K,,,,,,,,
25AC25_3R2S,20/11/2025,Box 4A,E3,TRUE,Box 4B,E3,TRUE,Box 1C,H7,TRUE,Box 4D,,TRUE,Box 4E,E3,TRUE,Box 4F,E3,,Box 4G,E3,,Box 4H,E3,TRUE,Box 4I,E3,TRUE,Box 4J,E3,,Box 4K,,,,,,,,
25AC26_7T9U,20/11/2025,Box 4A,E4,TRUE,Box 4B,E4,TRUE,Box 1C,H8,TRUE,Box 4D,,TRUE,Box 4E,E4,TRUE,Box 4F,E4,,Box 4G,E4,,Box 4H,E4,TRUE,Box 4I,E4,TRUE,Box 4J,E4,,Box 4K,,,,,,,,
25AC27_0V3W,20/11/2025,Box 4A,E5,TRUE,Box 4B,E5,TRUE,Box 1C,,,Box 4D,,TRUE,Box 4E,E5,TRUE,Box 4F,E5,,Box 4G,E5,,Box 4H,E5,TRUE,Box 4I,E5,TRUE,Box 4J,E5,,Box 4K,,,,,,,,
25AC28_6X4Y,21/11/2025,Box 4A,E6,TRUE,Box 4B,E6,TRUE,Box 1C,,,Box 4D,,TRUE,Box 4E,E6,TRUE,Box 4F,E6,TRUE,Box 4G,E6,FALSE,Box 4H,E6,TRUE,Box 4I,E6,TRUE,Box 4J,E6,,Box 4K,,,,,,,,
25AC29_3Z8A,21/11/2025,Box 4A,E7,TRUE,Box 4B,E7,TRUE,Box 1C,,,Box 4D,,TRUE,Box 4E,E7,TRUE,Box 4F,E7,TRUE,Box 4G,E7,FALSE,Box 4H,E7,TRUE,Box 4I,E7,TRUE,Box 4J,E7,,Box 4K,,,,,,,,
25AC30_8B1C,21/11/2025,Box 4A,E8,TRUE,Box 4B,E8,TRUE,Box 1C,,,Box 4D,,TRUE,Box 4E,E8,TRUE,Box 4F,E8,TRUE,Box 4G,E8,FALSE,Box 4H,E8,TRUE,Box 4I,E8,TRUE,Box 4J,E8,,Box 4K,,,,,,,,
25AC31_0D5E,21/11/2025,Box 4A,E9,TRUE,Box 4B,E9,TRUE,Box 1C,,,Box 4D,,TRUE,Box 4E,E9,TRUE,Box 4F,E9,TRUE,Box 4G,E9,FALSE,Box 4H,E9,TRUE,Box 4I,E9,TRUE,Box 4J,E9,,Box 4K,,,,,,,,
25AC32_4F3G,21/11/2025,Box 4A,F1,TRUE,Box 4B,F1,TRUE,Box 1C,,,Box 4D,,TRUE,Box 4E,F1,TRUE,Box 4F,F1,TRUE,Box 4G,F1,FALSE,Box 4H,F1,TRUE,Box 4I,F1,TRUE,Box 4J,F1,,Box 4K,,,,,,,,
25AC33_1H8I,21/11/2025,Box 4A,F2,TRUE,Box 4B,F2,TRUE,Box 1C,,,Box 4D,,TRUE,Box 4E,F2,TRUE,Box 4F,F2,TRUE,Box 4G,F2,FALSE,Box 4H,F2,TRUE,Box 4I,F2,TRUE,Box 4J,F2,,Box 4K,,,,,,,,
25AC34_5J9K,21/11/2025,Box 4A,F3,TRUE,Box 4B,F3,TRUE,Box 1C,,,Box 4D,,TRUE,Box 4E,F3,TRUE,Box 4F,F3,TRUE,Box 4G,F3,FALSE,Box 4H,F3,TRUE,Box 4I,F3,TRUE,Box 4J,F3,,Box 4K,,,,,,,,
25AC35_7L2M,21/11/2025,Box 4A,F4,TRUE,Box 4B,F4,TRUE,Box 1C,,,Box 4D,,TRUE,Box 4E,F4,TRUE,Box 4F,F4,TRUE,Box 4G,F4,FALSE,Box 4H,F4,TRUE,Box 4I,F4,TRUE,Box 4J,F4,,Box 4K,,,,,,,,
25AC36_3N5O,21/11/2025,Box 4A,F5,TRUE,Box 4B,F5,TRUE,Box 1C,,,Box 4D,,TRUE,Box 4E,F5,TRUE,Box 4F,F5,TRUE,Box 4G,F5,FALSE,Box 4H,F5,TRUE,Box 4I,F5,TRUE,Box 4J,F5,,Box 4K,,,,,,,,
25AC37_9P0Q,21/11/2025,Box 4A,F6,TRUE,Box 4B,F6,TRUE,Box 1C,,,Box 4D,,TRUE,Box 4E,F6,TRUE,Box 4F,F6,TRUE,Box 4G,F6,FALSE,Box 4H,F6,TRUE,Box 4I,F6,TRUE,Box 4J,F6,,Box 4K,,,,,,,,
25AC38_1R7S,21/11/2025,Box 4A,F7,TRUE,Box 4B,F7,TRUE,Box 1C,,,Box 4D,,TRUE,Box 4E,F7,TRUE,Box 4F,F7,TRUE,Box 4G,F7,FALSE,Box 4H,F7,TRUE,Box 4I,F7,TRUE,Box 4J,F7,,Box 4K,,,,,,,,
25AC39_8T2U,21/11/2025,Box 4A,F8,TRUE,Box 4B,F8,TRUE,Box 1C,,,Box 4D,,TRUE,Box 4E,F8,TRUE,Box 4F,F8,TRUE,Box 4G,F8,FALSE,Box 4H,F8,TRUE,Box 4I,F8,TRUE,Box 4J,F8,,Box 4K,,,,,,,,
25AC40_4V9W,21/11/2025,Box 4A,F9,TRUE,Box 4B,F9,TRUE,Box 1C,,,Box 4D,,TRUE,Box 4E,F9,TRUE,Box 4F,F9,TRUE,Box 4G,F9,FALSE,Box 4H,F9,TRUE,Box 4I,F9,TRUE,Box 4J,F9,,Box 4K,,,,,,,,
25AC41_0X3Y,22/11/2025,Box 4A,G1,TRUE,Box 4B,G1,TRUE,Box 1C,,,Box 4D,,TRUE,Box 4E,G1,TRUE,Box 4F,G1,TRUE,Box 4G,G1,,Box 4H,G1,TRUE,Box 4I,G1,TRUE,Box 4J,G1,,Box 4K,,,,,,,,
25AC42_5Z7A,23/11/2025,Box 4A,G2,FALSE,Box 4B,G2,FALSE,Box 1C,,,Box 4D,,TRUE,Box 4E,G2,TRUE,Box 4F,G2,TRUE,Box 4G,G2,,Box 4H,G2,TRUE,Box 4I,G2,FALSE,Box 4J,G2,,Box 4K,,,,,,,,
25AC43_9B0C,24/11/2025,Box 4A,G3,TRUE,Box 4B,G3,TRUE,Box 1C,,,Box 4D,,TRUE,Box 4E,G3,TRUE,Box 4F,G3,TRUE,Box 4G,G3,,Box 4H,G3,TRUE,Box 4I,G3,FALSE,Box 4J,G3,,Box 4K,,,,,,,,
25AC44_1D4E,25/11/2025,Box 4A,G4,TRUE,Box 4B,G4,TRUE,Box 1C,,,Box 4D,,TRUE,Box 4E,G4,TRUE,Box 4F,G4,TRUE,Box 4G,G4,,Box 4H,G4,TRUE,Box 4I,G4,TRUE,Box 4J,G4,,Box 4K,,,,,,,,
26AA01_0N1O,27/01/2026,Box 4A,G5,TRUE,Box 4B,G5,TRUE,Box 1C,,,Box 4D,,TRUE,Box 4E,G5,,Box 4F,G5,,Box 4G,G5,,Box 4H,G5,TRUE,Box 4I,G5,FALSE,Box 4J,G5,,Box 4K,,,TRUE,TRUE,TRUE,,,
26AA02_6P7O,27/01/2026,Box 4A,G6,TRUE,Box 4B,G6,TRUE,Box 1C,,,Box 4D,,TRUE,Box 4E,G6,,Box 4F,G6,,Box 4G,G6,,Box 4H,G6,TRUE,Box 4I,G6,FALSE,Box 4J,G6,,Box 4K,,,TRUE,TRUE,TRUE,,,
26AA03_3R2S,27/01/2026,Box 4A,G7,TRUE,Box 4B,G7,TRUE,Box 1C,,,Box 4D,,TRUE,Box 4E,G7,,Box 4F,G7,,Box 4G,G7,,Box 4H,G7,TRUE,Box 4I,G7,FALSE,Box 4J,G7,,Box 4K,,,TRUE,TRUE,TRUE,,,
26AA04_7T9U,27/01/2026,Box 4A,G8,TRUE,Box 4B,G8,TRUE,Box 1C,,,Box 4D,,TRUE,Box 4E,G8,,Box 4F,G8,,Box 4G,G8,,Box 4H,G8,TRUE,Box 4I,G8,FALSE,Box 4J,G8,,Box 4K,,,TRUE,TRUE,TRUE,,,
26AA05_0V3W,27/01/2026,Box 4A,G9,TRUE,Box 4B,G9,TRUE,Box 1C,,,Box 4D,,TRUE,Box 4E,G9,,Box 4F,G9,,Box 4G,G9,,Box 4H,G9,TRUE,Box 4I,G9,FALSE,Box 4J,G9,,Box 4K,,,TRUE,TRUE,TRUE,,,
26AA06_6X4Y,27/01/2026,Box 4A,H1,TRUE,Box 4B,H1,TRUE,Box 1C,,,Box 4D,,TRUE,Box 4E,H1,,Box 4F,H1,,Box 4G,H1,,Box 4H,H1,TRUE,Box 4I,H1,FALSE,Box 4J,H1,,Box 4K,,,TRUE,TRUE,TRUE,,,
26AA07_3Z8A,27/01/2026,Box 4A,H2,TRUE,Box 4B,H2,TRUE,Box 1C,,,Box 4D,,TRUE,Box 4E,H2,,Box 4F,H2,,Box 4G,H2,,Box 4H,H2,TRUE,Box 4I,H2,FALSE,Box 4J,H2,,Box 4K,,,TRUE,TRUE,TRUE,,,
26AA08_8B1C,27/01/2026,Box 4A,H3,TRUE,Box 4B,H3,FALSE,Box 1C,,,Box 4D,,TRUE,Box 4E,H3,,Box 4F,H3,,Box 4G,H3,,Box 4H,H3,TRUE,Box 4I,H3,FALSE,Box 4J,H3,,Box 4K,,,TRUE,TRUE,TRUE,,,
26AA09_0D5E,27/01/2026,Box 4A,H4,TRUE,Box 4B,H4,TRUE,Box 1C,,,Box 4D,,TRUE,Box 4E,H4,,Box 4F,H4,,Box 4G,H4,,Box 4H,H4,TRUE,Box 4I,H4,FALSE,Box 4J,H4,,Box 4K,,,TRUE,TRUE,TRUE,,,
26AA10_4F3G,27/01/2026,Box 4A,H5,TRUE,Box 4B,H5,TRUE,Box 1C,,,Box 4D,,TRUE,Box 4E,H5,,Box 4F,H5,,Box 4G,H5,,Box 4H,H5,TRUE,Box 4I,H5,FALSE,Box 4J,H5,,Box 4K,,,TRUE,TRUE,TRUE,,,
26AA11_1H8I,27/01/2026,Box 4A,H6,TRUE,Box 4B,H6,TRUE,Box 1C,,,Box 4D,,TRUE,Box 4E,H6,,Box 4F,H6,,Box 4G,H6,,Box 4H,H6,TRUE,Box 4I,H6,FALSE,Box 4J,H6,,Box 4K,,,TRUE,TRUE,TRUE,,,
26AA12_5J9K,27/01/2026,Box 4A,H7,TRUE,Box 4B,H7,TRUE,Box 1C,,,Box 4D,,FALSE,Box 4E,H7,,Box 4F,H7,,Box 4G,H7,,Box 4H,H7,TRUE,Box 4I,H7,FALSE,Box 4J,H7,,Box 4K,,,TRUE,TRUE,TRUE,,,
26AA13_7L2M,27/01/2026,Box 4A,H8,TRUE,Box 4B,H8,TRUE,Box 1C,,,Box 4D,,TRUE,Box 4E,H8,,Box 4F,H8,,Box 4G,H8,,Box 4H,H8,TRUE,Box 4I,H8,FALSE,Box 4J,H8,,Box 4K,,,TRUE,TRUE,TRUE,,,
26AA14_3N5O,29/01/2026,Box 4A,H9,TRUE,Box 4B,H9,FALSE,Box 1C,,,Box 4D,,TRUE,Box 4E,H9,,Box 4F,H9,,Box 4G,H9,,Box 4H,H9,TRUE,Box 4I,H9,TRUE,Box 4J,H9,,Box 4K,,,TRUE,TRUE,TRUE,,,
26AA15_9P0Q,27/01/2026,Box 4A,J1,TRUE,Box 4B,J1,FALSE,Box 1C,,,Box 4D,,TRUE,Box 4E,I1,,Box 4F,I1,,Box 4G,I1,,Box 4H,I1,TRUE,Box 4I,I1,TRUE,Box 4J,I1,,Box 4K,,,TRUE,TRUE,TRUE,,,
26AA16_1R7S,29/01/2026,Box 4A,J2,TRUE,Box 4B,J2,FALSE,Box 1C,,,Box 4D,,TRUE,Box 4E,I2,,Box 4F,I2,,Box 4G,I2,,Box 4H,I2,TRUE,Box 4I,I2,TRUE,Box 4J,I2,,Box 4K,,,TRUE,TRUE,TRUE,,,
26AA17_8T2U,29/01/2026,Box 4A,J3,TRUE,Box 4B,J3,FALSE,Box 1C,,,Box 4D,,TRUE,Box 4E,I3,,Box 4F,I3,,Box 4G,I3,,Box 4H,I3,TRUE,Box 4I,I3,TRUE,Box 4J,I3,,Box 4K,,,TRUE,TRUE,TRUE,,,
26AA18_4V9W,29/01/2026,Box 4A,J4,TRUE,Box 4B,J4,FALSE,Box 1C,,,Box 4D,,TRUE,Box 4E,I4,,Box 4F,I4,,Box 4G,I4,,Box 4H,I4,TRUE,Box 4I,I4,TRUE,Box 4J,I4,,Box 4K,,,TRUE,TRUE,TRUE,,,
26AA19_0X3Y,29/01/2026,Box 4A,J5,TRUE,Box 4B,J5,FALSE,Box 1C,,,Box 4D,,TRUE,Box 4E,I5,,Box 4F,I5,,Box 4G,I5,,Box 4H,I5,TRUE,Box 4I,I5,TRUE,Box 4J,I5,,Box 4K,,,TRUE,TRUE,TRUE,,,
26AA20_5Z7A,29/01/2026,Box 4A,J6,TRUE,Box 4B,J6,FALSE,Box 1C,,,Box 4D,,TRUE,Box 4E,I6,,Box 4F,I6,,Box 4G,I6,,Box 4H,I6,TRUE,Box 4I,I6,TRUE,Box 4J,I6,,Box 4K,,,TRUE,TRUE,TRUE,,,
26AA21_9B0C,29/01/2026,Box 4A,J7,TRUE,Box 4B,J7,FALSE,Box 1C,,,Box 4D,,TRUE,Box 4E,I7,,Box 4F,I7,,Box 4G,I7,,Box 4H,I7,TRUE,Box 4I,I7,TRUE,Box 4J,I7,,Box 4K,,,TRUE,TRUE,TRUE,,,
26AA22_1B4E,29/01/2026,Box 4A,J8,TRUE,Box 4B,J8,FALSE,Box 1C,,,Box 4D,,TRUE,Box 4E,I8,,Box 4F,I8,,Box 4G,I8,,Box 4H,I8,TRUE,Box 4I,I8,TRUE,Box 4J,I8,,Box 4K,,,TRUE,TRUE,TRUE,,,
26AA23_3F6G,29/01/2026,Box 4A,J9,TRUE,Box 4B,J9,FALSE,Box 1C,,,Box 4D,,TRUE,Box 4E,I9,,Box 4F,I9,,Box 4G,I9,,Box 4H,I9,TRUE,Box 4I,I9,TRUE,Box 4J,I9,,Box 4K,,,TRUE,TRUE,TRUE,,,
26AA24_8H2I,29/01/2026,Box 5A,A1,TRUE,Box 5B,A1,FALSE,Box 1C,,,Box 5D,,TRUE,Box 5E,A1,,Box 5F,A1,,Box 5G,A1,,Box 5H,A1,TRUE,Box 5I,A1,TRUE,Box 5J,A1,,Box 5K,,,TRUE,TRUE,TRUE,,,
26AA25_5J1K,29/01/2026,Box 5A,A2,TRUE,Box 5B,A2,FALSE,Box 1C,,,Box 5D,,TRUE,Box 5E,A2,,Box 5F,A2,,Box 5G,A2,,Box 5H,A2,TRUE,Box 5I,A2,TRUE,Box 5J,A2,,Box 5K,,,TRUE,TRUE,TRUE,,,
26AA26_0L7M,29/01/2026,Box 5A,A3,TRUE,Box 5B,A3,FALSE,Box 1C,,,Box 5D,,TRUE,Box 5E,A3,,Box 5F,A3,,Box 5G,A3,,Box 5H,A3,TRUE,Box 5I,A3,TRUE,Box 5J,A3,,Box 5K,,,TRUE,TRUE,TRUE,,,
26AA27_6N8O,30/01/2026,Box 5A,A4,TRUE,Box 5B,A4,TRUE,Box 1C,,,Box 5D,,TRUE,Box 5E,A4,,Box 5F,A4,,Box 5G,A4,,Box 5H,A4,TRUE,Box 5I,A4,TRUE,Box 5J,A4,,Box 5K,,,TRUE,TRUE,TRUE,,,
26AA28_2P3Q,30/01/2026,Box 5A,A5,TRUE,Box 5B,A5,TRUE,Box 1C,,,Box 5D,,TRUE,Box 5E,A5,,Box 5F,A5,,Box 5G,A5,,Box 5H,A5,TRUE,Box 5I,A5,TRUE,Box 5J,A5,,Box 5K,,,TRUE,TRUE,TRUE,,,
26AA29_7R4S,29/01/2026,Box 5A,A6,TRUE,Box 5B,A6,TRUE,Box 1C,H9; J1,,Box 5D,,FALSE,Box 5E,A6,,Box 5F,A6,,Box 5G,A6,,Box 5H,A6,FALSE,Box 5I,A6,FALSE,Box 5J,A6,,Box 5K,,,TRUE,TRUE,TRUE,,,
26AA30_0T5U,29/01/2026,Box 5A,A7,TRUE,Box 5B,A7,TRUE,Box 1C,,,Box 5D,,TRUE,Box 5E,A7,,Box 5F,A7,,Box 5G,A7,,Box 5H,A7,TRUE,Box 5I,A7,TRUE,Box 5J,A7,,Box 5K,,,TRUE,TRUE,TRUE,,,
26AA31_9V8W,30/01/2026,Box 5A,A8,TRUE,Box 5B,A8,TRUE,Box 1C,,,Box 5D,,TRUE,Box 5E,A8,,Box 5F,A8,,Box 5G,A8,,Box 5H,A8,TRUE,Box 5I,A8,TRUE,Box 5J,A8,,Box 5K,,,TRUE,TRUE,TRUE,,,
26AA32_5X1Y,30/01/2026,Box 5A,A9,TRUE,Box 5B,A9,TRUE,Box 1C,,,Box 5D,,TRUE,Box 5E,A9,,Box 5F,A9,,Box 5G,A9,,Box 5H,A9,TRUE,Box 5I,A9,TRUE,Box 5J,A9,,Box 5K,,,TRUE,TRUE,TRUE,,,
26AA33_3Z7A,30/01/2026,Box 5A,B1,TRUE,Box 5B,B1,TRUE,Box 1C,,,Box 5D,,TRUE,Box 5E,B1,,Box 5F,B1,,Box 5G,B1,,Box 5H,B1,TRUE,Box 5I,B1,TRUE,Box 5J,B1,,Box 5K,,,TRUE,TRUE,TRUE,,,
26AA34_6B0C,30/01/2026,Box 5A,B2,TRUE,Box 5B,B2,TRUE,Box 1C,,,Box 5D,,TRUE,Box 5E,B2,,Box 5F,B2,,Box 5G,B2,,Box 5H,B2,TRUE,Box 5I,B2,TRUE,Box 5J,B2,,Box 5K,,,TRUE,TRUE,TRUE,,,
26AA35_2D9E,30/01/2026,Box 5A,B3,TRUE,Box 5B,B3,TRUE,Box 1C,,,Box 5D,,TRUE,Box 5E,B3,,Box 5F,B3,,Box 5G,B3,,Box 5H,B3,TRUE,Box 5I,B3,TRUE,Box 5J,B3,,Box 5K,,,TRUE,TRUE,TRUE,,,
26AA36_7F4G,30/01/2026,Box 5A,B4,TRUE,Box 5B,B4,TRUE,Box 1C,,,Box 5D,,TRUE,Box 5E,B4,,Box 5F,B4,,Box 5G,B4,,Box 5H,B4,TRUE,Box 5I,B4,FALSE,Box 5J,B4,,Box 5K,,,TRUE,TRUE,TRUE,,,
26AA37_1H5I,02/02/2026,Box 5A,B5,TRUE,Box 5B,B5,TRUE,Box 1C,J2; J3,,Box 5D,,TRUE,Box 5E,B5,,Box 5F,B5,,Box 5G,B5,,Box 5H,B5,TRUE,Box 5I,B5,TRUE,Box 5J,B5,,Box 5K,,,TRUE,TRUE,TRUE,TRUE,,"multiple sample bags, verify if animal ID might have been given twice"
26AA38_8J6K,30/01/2026,Box 5A,B6,TRUE,Box 5B,B6,TRUE,Box 1C,,,Box 5D,,TRUE,Box 5E,B6,,Box 5F,B6,,Box 5G,B6,,Box 5H,B6,TRUE,Box 5I,B6,TRUE,Box 5J,B6,,Box 5K,,,TRUE,TRUE,TRUE,,,
26AA39_4L3M,30/01/2026,Box 5A,B7,TRUE,Box 5B,B7,TRUE,Box 1C,,,Box 5D,,TRUE,Box 5E,B7,,Box 5F,B7,,Box 5G,B7,,Box 5H,B7,TRUE,Box 5I,B7,TRUE,Box 5J,B7,,Box 5K,,,TRUE,TRUE,TRUE,,,
26AA40_9N2O,30/01/2026,Box 5A,B8,TRUE,Box 5B,B8,TRUE,Box 1C,,,Box 5D,,FALSE,Box 5E,B8,,Box 5F,B8,,Box 5G,B8,,Box 5H,B8,TRUE,Box 5I,B8,TRUE,Box 5J,B8,,Box 5K,,,TRUE,TRUE,TRUE,,,
26AA41_6P0Q,30/01/2026,Box 5A,B9,TRUE,Box 5B,B9,TRUE,Box 1C,,,Box 5D,,TRUE,Box 5E,B9,TRUE,Box 5F,B9,,Box 5G,B9,,Box 5H,B9,TRUE,Box 5I,B9,TRUE,Box 5J,B9,,Box 5K,,,TRUE,TRUE,TRUE,,,
26AA42_1R4S,30/01/2026,Box 5A,C1,TRUE,Box 5B,C1,TRUE,Box 1C,,,Box 5D,,TRUE,Box 5E,C1,FALSE,Box 5F,C1,FALSE,Box 5G,C1,,Box 5H,C1,TRUE,Box 5I,C1,TRUE,Box 5J,C1,,Box 5K,,,TRUE,TRUE,TRUE,,,
26AA43_8T7U,01/02/2026,Box 5A,C2,TRUE,Box 5B,C2,TRUE,Box 1C,,,Box 5D,,TRUE,Box 5E,C2,FALSE,Box 5F,C2,FALSE,Box 5G,C2,,Box 5H,C2,TRUE,Box 5I,C2,TRUE,Box 5J,C2,,Box 5K,,,TRUE,TRUE,TRUE,,,
26AA44_2V3W,01/02/2026,Box 5A,C3,TRUE,Box 5B,C3,TRUE,Box 1C,,,Box 5D,,TRUE,Box 5E,C3,FALSE,Box 5F,C3,FALSE,Box 5G,C3,,Box 5H,C3,TRUE,Box 5I,C3,TRUE,Box 5J,C3,,Box 5K,,,TRUE,TRUE,TRUE,,,
26AA55_4R5S,02/02/2026,Box 5A,C4,TRUE,Box 5B,C4,TRUE,Box 1C,,,Box 5D,,TRUE,Box 5E,C4,FALSE,Box 5F,C4,FALSE,Box 5G,C4,,Box 5H,C4,TRUE,Box 5I,C4,TRUE,Box 5J,C4,,Box 5K,,,TRUE,TRUE,FALSE,,,
26AA57_6V9W,02/02/2026,Box 5A,C5,TRUE,Box 5B,C5,TRUE,Box 1C,,,Box 5D,,TRUE,Box 5E,C5,FALSE,Box 5F,C5,FALSE,Box 5G,C5,,Box 5H,C5,FALSE,Box 5I,C5,TRUE,Box 5J,C5,,Box 5K,,,TRUE,TRUE,FALSE,,,
26AA58_3X1Y,02/02/2026,Box 5A,C6,TRUE,Box 5B,C6,TRUE,Box 1C,,,Box 5D,,TRUE,Box 5E,C6,FALSE,Box 5F,C6,FALSE,Box 5G,C6,,Box 5H,C6,FALSE,Box 5I,C6,TRUE,Box 5J,C6,,Box 5K,,,TRUE,FALSE,FALSE,,,
26AA60_0B3C,02/02/2026,Box 5A,C7,TRUE,Box 5B,C7,TRUE,Box 1C,,,Box 5D,,TRUE,Box 5E,C7,FALSE,Box 5F,C7,FALSE,Box 5G,C7,,Box 5H,C7,TRUE,Box 5I,C7,TRUE,Box 5J,C7,,Box 5K,,,TRUE,TRUE,FALSE,,,
26AA69_7T4U,03/02/2026,Box 5A,C8,TRUE,Box 5B,C8,TRUE,Box 1C,,,Box 5D,,TRUE,Box 5E,C8,FALSE,Box 5F,C8,FALSE,Box 5G,C8,,Box 5H,C8,TRUE,Box 5I,C8,TRUE,Box 5J,C8,,Box 5K,,,TRUE,FALSE,FALSE,,,
26AA70_0V5W,03/02/2026,Box 5A,C9,TRUE,Box 5B,C9,TRUE,Box 1C,,,Box 5D,,TRUE,Box 5E,C9,FALSE,Box 5F,C9,FALSE,Box 5G,C9,,Box 5H,C9,TRUE,Box 5I,C9,TRUE,Box 5J,C9,,Box 5K,,,TRUE,TRUE,FALSE,,,
26AA75_5F9G,03/02/2026,Box 5A,D1,TRUE,Box 5B,D1,TRUE,Box 1C,,,Box 5D,,TRUE,Box 5E,D1,FALSE,Box 5F,D1,FALSE,Box 5G,D1,,Box 5H,D1,TRUE,Box 5I,D1,TRUE,Box 5J,D1,,Box 5K,,,FALSE,FALSE,FALSE,,,
26AA76_0H2I,03/02/2026,Box 5A,D2,TRUE,Box 5B,D2,TRUE,Box 1C,,,Box 5D,,TRUE,Box 5E,D2,FALSE,Box 5F,D2,FALSE,Box 5G,D2,,Box 5H,D2,TRUE,Box 5I,D2,TRUE,Box 5J,D2,,Box 5K,,,TRUE,TRUE,FALSE,,,
26AA80_9P6Q,03/02/2026,Box 5A,D3,TRUE,Box 5B,D3,TRUE,Box 1C,,,Box 5D,,TRUE,Box 5E,D3,FALSE,Box 5F,D3,FALSE,Box 5G,D3,,Box 5H,D3,TRUE,Box 5I,D3,TRUE,Box 5J,D3,,Box 5K,,,TRUE,TRUE,TRUE,,,
26AA85_0R1S,03/02/2026,Box 5A,D4,TRUE,Box 5B,D4,TRUE,Box 1C,,,Box 5D,,TRUE,Box 5E,D4,FALSE,Box 5F,D4,FALSE,Box 5G,D4,,Box 5H,D4,TRUE,Box 5I,D4,TRUE,Box 5J,D4,,Box 5K,,,TRUE,FALSE,FALSE,,,
26AA27_infant,30/01/2026,,,,,,,,,,,,,,,,,,,,,,,,,,,,,,,,,,TRUE,,,,,
26AA22_infant,,,,,,,,,,,,,,,,,,,,,,,,,,,,,,,,,,,TRUE,,,,,
26AA17_infant,29/01/2026,,,,,,,,,,,,,,,,,,,,,,,,,,,,,,,,,,TRUE,,,,,
26AA33_infant,30/01/2026,,,,,,,,,,,,,,,,,,,,,,,,,,,,,,,,,,TRUE,,,,,
25AB15_infant,29/07/2025,,,,,,,,,,,,,,,,,,,,,,,,,,,,,,,,,,,,,,,
25AB27_infant,30/07/2025,,,,,,,,,,,,,,,,,,,,,,,,,,,,,,,,,,,,,,,
25AB48_infant,01/08/2025,,,,,,,,,,,,,,,,,,,,,,,,,,,,,,,,,,,,,,,
25AB64_infant,23/09/2025,,,,,,,,,,,,,,,,,,,,,,,,,,,,,,,,,,,,,,,
25AB77_infant,25/09/2025,,,,,,,,,,,,,,,,,,,,,,,,,,,,,,,,,,,,,,,
25AB84_infant,26/09/2025,,,,,,,,,,,,,,,,,,,,,,,,,,,,,,,,,,,,,,,
25AB89_infant,27/09/2025,,,,,,,,,,,,,,,,,,,,,,,,,,,,,,,,,,,,,,,
26AB_01_1M2N,09/03/2026,Box 5A,D5,TRUE,Box 5B,D5,TRUE,Box 5C,D5,TRUE,Box 5D,,TRUE,Box 5E,D5,TRUE,Box 5F,D5,TRUE,Box 5G,D5,,Box 5H,D5,TRUE,Box 5I,D5,TRUE,Box 5J,D5,TRUE,Box 5K,,,,,,,,
26AB_02_2N3O,09/03/2026,Box 5A,D6,TRUE,Box 5B,D6,TRUE,Box 5C,D6,TRUE,Box 5D,,TRUE,Box 5E,D6,TRUE,Box 5F,D6,FALSE,Box 5G,D6,,Box 5H,D6,TRUE,Box 5I,D6,TRUE,Box 5J,D6,FALSE,Box 5K,,,,,,,,
26AB_03_3P4Q,09/03/2026,Box 5A,D7,TRUE,Box 5B,D7,TRUE,Box 5C,D7,TRUE,Box 5D,,TRUE,Box 5E,D7,TRUE,Box 5F,D7,TRUE,Box 5G,D7,,Box 5H,D7,TRUE,Box 5I,D7,TRUE,Box 5J,D7,TRUE,Box 5K,,,,,,,,
26AB_04_4Q5R,09/03/2026,Box 5A,D8,TRUE,Box 5B,D8,TRUE,Box 5C,D8,FALSE,Box 5D,,FALSE,Box 5E,D8,FALSE,Box 5F,D8,FALSE,Box 5G,D8,,Box 5H,D8,TRUE,Box 5I,D8,TRUE,Box 5J,D8,FALSE,Box 5K,,,,,,,,
26AB_05_5R6S,09/03/2026,Box 5A,D9,TRUE,Box 5B,D9,TRUE,Box 5C,D9,TRUE,Box 5D,,TRUE,Box 5E,D9,TRUE,Box 5F,D9,TRUE,Box 5G,D9,,Box 5H,D9,TRUE,Box 5I,D9,TRUE,Box 5J,D9,TRUE,Box 5K,,,,,,,,
26AB_06_6SZT,10/03/2026,Box 5A,E1,TRUE,Box 5B,E1,TRUE,Box 5C,E1,TRUE,Box 5D,,TRUE,Box 5E,E1,TRUE,Box 5F,E1,TRUE,Box 5G,E1,,Box 5H,E1,TRUE,Box 5I,E1,TRUE,Box 5J,E1,TRUE,Box 5K,,,,,,,,
26AB_07_7U8V,10/03/2026,Box 5A,E2,TRUE,Box 5B,E2,TRUE,Box 5C,E2,TRUE,Box 5D,,TRUE,Box 5E,E2,TRUE,Box 5F,E2,TRUE,Box 5G,E2,,Box 5H,E2,TRUE,Box 5I,E2,TRUE,Box 5J,E2,TRUE,Box 5K,,,,,,,,
26AB_08_8V9W,10/03/2026,Box 5A,E3,TRUE,Box 5B,E3,TRUE,Box 5C,E3,TRUE,Box 5D,,TRUE,Box 5E,E3,TRUE,Box 5F,E3,FALSE,Box 5G,E3,,Box 5H,E3,TRUE,Box 5I,E3,TRUE,Box 5J,E3,TRUE,Box 5K,,,,,,,,
26AB_09_9W0X,10/03/2026,Box 5A,E4,TRUE,Box 5B,E4,TRUE,Box 5C,E4,TRUE,Box 5D,,TRUE,Box 5E,E4,TRUE,Box 5F,E4,TRUE,Box 5G,E4,,Box 5H,E4,TRUE,Box 5I,E4,TRUE,Box 5J,E4,TRUE,Box 5K,,,,,,,,
26AB_10_0X1Y,10/03/2026,Box 5A,E5,TRUE,Box 5B,E5,TRUE,Box 5C,E5,FALSE,Box 5D,,FALSE,Box 5E,E5,FALSE,Box 5F,E5,FALSE,Box 5G,E5,,Box 5H,E5,TRUE,Box 5I,E5,TRUE,Box 5J,E5,TRUE,Box 5K,,,,,,,,
26AB_13_3B5D,10/03/2026,Box 5A,E6,TRUE,Box 5B,E6,TRUE,Box 5C,E6,TRUE,Box 5D,,TRUE,Box 5E,E6,TRUE,Box 5F,E6,TRUE,Box 5G,E6,,Box 5H,E6,TRUE,Box 5I,E6,TRUE,Box 5J,E6,TRUE,Box 5K,,,,,,,,
26AB_11_1Z2A,11/03/2026,Box 5A,E7,TRUE,Box 5B,E7,TRUE,Box 5C,E7,TRUE,Box 5D,,TRUE,Box 5E,E7,TRUE,Box 5F,E7,TRUE,Box 5G,E7,,Box 5H,E7,TRUE,Box 5I,E7,TRUE,Box 5J,E7,TRUE,Box 5K,,,,,,,,
26AB_12_2A4C,11/03/2026,Box 5A,E8,TRUE,Box 5B,E8,TRUE,Box 5C,E8,TRUE,Box 5D,,TRUE,Box 5E,E8,TRUE,Box 5F,E8,TRUE,Box 5G,E8,,Box 5H,E8,TRUE,Box 5I,E8,TRUE,Box 5J,E8,TRUE,Box 5K,,,,,,,,
26AB_14_4C6E,11/03/2026,Box 5A,E9,TRUE,Box 5B,E9,TRUE,Box 5C,E9,TRUE,Box 5D,,TRUE,Box 5E,E9,TRUE,Box 5F,E9,TRUE,Box 5G,E9,,Box 5H,E9,TRUE,Box 5I,E9,TRUE,Box 5J,E9,TRUE,Box 5K,,,,,,,,
26AB_15_5D7F,12/03/2026,Box 5A,F1,TRUE,Box 5B,F1,TRUE,Box 5C,F1,TRUE,Box 5D,,TRUE,Box 5E,F1,TRUE,Box 5F,F1,TRUE,Box 5G,F1,,Box 5H,F1,TRUE,Box 5I,F1,TRUE,Box 5J,F1,TRUE,Box 5K,,,,,,,,
26AB_16_6E8G,12/03/2026,Box 5A,F2,TRUE,Box 5B,F2,TRUE,Box 5C,F2,TRUE,Box 5D,,TRUE,Box 5E,F2,TRUE,Box 5F,F2,FALSE,Box 5G,F2,,Box 5H,F2,TRUE,Box 5I,F2,TRUE,Box 5J,F2,TRUE,Box 5K,,,,,,,,
26AB_17_7F9H,12/03/2026,Box 5A,F3,FALSE,Box 5B,F3,FALSE,Box 5C,F3,FALSE,Box 5D,,FALSE,Box 5E,F3,FALSE,Box 5F,F3,FALSE,Box 5G,F3,,Box 5H,F3,TRUE,Box 5I,F3,TRUE,Box 5J,F3,TRUE,Box 5K,,,,,,,,
26AB_18_8G0I,12/03/2026,Box 5A,F4,TRUE,Box 5B,F4,TRUE,Box 5C,F4,TRUE,Box 5D,,TRUE,Box 5E,F4,TRUE,Box 5F,F4,TRUE,Box 5G,F4,,Box 5H,F4,TRUE,Box 5I,F4,TRUE,Box 5J,F4,TRUE,Box 5K,,,,,,,,
26AB_19_8H1S,12/03/2026,Box 5A,F5,TRUE,Box 5B,F5,TRUE,Box 5C,F5,TRUE,Box 5D,,TRUE,Box 5E,F5,TRUE,Box 5F,F5,TRUE,Box 5G,F5,,Box 5H,F5,TRUE,Box 5I,F5,TRUE,Box 5J,F5,TRUE,Box 5K,,,,,,,,
26AB_20_0I2K,12/03/2026,Box 5A,F6,FALSE,Box 5B,F6,FALSE,Box 5C,F6,FALSE,Box 5D,,FALSE,Box 5E,F6,FALSE,Box 5F,F6,FALSE,Box 5G,F6,,Box 5H,F6,TRUE,Box 5I,F6,FALSE,Box 5J,F6,FALSE,Box 5K,,,,,,,,
26AB_21_1J3L,12/03/2026,Box 5A,F7,TRUE,Box 5B,F7,TRUE,Box 5C,F7,TRUE,Box 5D,,TRUE,Box 5E,F7,TRUE,Box 5F,F7,TRUE,Box 5G,F7,,Box 5H,F7,TRUE,Box 5I,F7,TRUE,Box 5J,F7,TRUE,Box 5K,,,,,,,,
26AB_22_2J4M,12/03/2026,Box 5A,F8,TRUE,Box 5B,F8,TRUE,Box 5C,F8,TRUE,Box 5D,,TRUE,Box 5E,F8,TRUE,Box 5F,F8,TRUE,Box 5G,F8,,Box 5H,F8,TRUE,Box 5I,F8,TRUE,Box 5J,F8,TRUE,Box 5K,,,,,,,,
26AB_23_3L5N,12/03/2026,Box 5A,F9,TRUE,Box 5B,F9,TRUE,Box 5C,F9,TRUE,Box 5D,,TRUE,Box 5E,F9,TRUE,Box 5F,F9,TRUE,Box 5G,F9,,Box 5H,F9,TRUE,Box 5I,F9,TRUE,Box 5J,F9,TRUE,Box 5K,,,,,,,,
26AB_24_4M60,12/03/2026,Box 5A,G1,TRUE,Box 5B,G1,TRUE,Box 5C,G1,TRUE,Box 5D,,TRUE,Box 5E,G1,TRUE,Box 5F,G1,TRUE,Box 5G,G1,,Box 5H,G1,TRUE,Box 5I,G1,TRUE,Box 5J,G1,TRUE,Box 5K,,,,,,,,
26AB_25_5N7P,12/03/2026,Box 5A,G2,TRUE,Box 5B,G2,TRUE,Box 5C,G2,TRUE,Box 5D,,TRUE,Box 5E,G2,TRUE,Box 5F,G2,TRUE,Box 5G,G2,,Box 5H,G2,TRUE,Box 5I,G2,TRUE,Box 5J,G2,TRUE,Box 5K,,,,,,,,
26AB_26_6O8Q ,13/03/2026,Box 5A,G3,TRUE,Box 5B,G3,TRUE,Box 5C,G3,TRUE,Box 5D,,TRUE,Box 5E,G3,TRUE,Box 5F,G3,TRUE,Box 5G,G3,,Box 5H,G3,TRUE,Box 5I,G3,TRUE,Box 5J,G3,TRUE,Box 5K,,,,,,,TRUE,
26AB_27_7P9R,13/03/2026,Box 5A,G4,TRUE,Box 5B,G4,TRUE,Box 5C,G4,TRUE,Box 5D,,TRUE,Box 5E,G4,TRUE,Box 5F,G4,TRUE,Box 5G,G4,,Box 5H,G4,TRUE,Box 5I,G4,TRUE,Box 5J,G4,TRUE,Box 5K,,,,,,,,
26AB_28_7Q0S,13/03/2026,Box 5A,G5,TRUE,Box 5B,G5,TRUE,Box 5C,G5,TRUE,Box 5D,,TRUE,Box 5E,G5,TRUE,Box 5F,G5,TRUE,Box 5G,G5,,Box 5H,G5,TRUE,Box 5I,G5,TRUE,Box 5J,G5,TRUE,Box 5K,,,,,,,,
26AB_29_9R1F,13/03/2026,Box 5A,G6,TRUE,Box 5B,G6,TRUE,Box 5C,G6,TRUE,Box 5D,,TRUE,Box 5E,G6,TRUE,Box 5F,G6,TRUE,Box 5G,G6,,Box 5H,G6,TRUE,Box 5I,G6,TRUE,Box 5J,G6,TRUE,Box 5K,,,,,,,,
26AB_30_0S2U,13/03/2026,Box 5A,G7,TRUE,Box 5B,G7,TRUE,Box 5C,G7,TRUE,Box 5D,,TRUE,Box 5E,G7,TRUE,Box 5F,G7,TRUE,Box 5G,G7,,Box 5H,G7,TRUE,Box 5I,G7,TRUE,Box 5J,G7,TRUE,Box 5K,,,,,,,,
26AB_31_1T4U,13/03/2026,Box 5A,G8,TRUE,Box 5B,G8,TRUE,Box 5C,G8,FALSE,Box 5D,,TRUE,Box 5E,G8,TRUE,Box 5F,G8,TRUE,Box 5G,G8,,Box 5H,G8,TRUE,Box 5I,G8,TRUE,Box 5J,G8,TRUE,Box 5K,,,,,,,,
26AB_32_2U5W,14/03/2026,Box 5A,G9,TRUE,Box 5B,G9,TRUE,Box 5C,G9,TRUE,Box 5D,,TRUE,Box 5E,G9,TRUE,Box 5F,G9,TRUE,Box 5G,G9,,Box 5H,G9,TRUE,Box 5I,G9,TRUE,Box 5J,G9,TRUE,Box 5K,,,,,,,,
26AB_33_3V6X,14/03/2026,Box 5A,H1,TRUE,Box 5B,H1,TRUE,Box 5C,H1,TRUE,Box 5D,,TRUE,Box 5E,H1,TRUE,Box 5F,H1,TRUE,Box 5G,H1,,Box 5H,H1,TRUE,Box 5I,H1,TRUE,Box 5J,H1,TRUE,Box 5K,,,,,,,,
26AB_34_4W7Y,14/03/2026,Box 5A,H2,TRUE,Box 5B,H2,TRUE,Box 5C,H2,FALSE,Box 5D,,TRUE,Box 5E,H2,TRUE,Box 5F,H2,TRUE,Box 5G,H2,,Box 5H,H2,TRUE,Box 5I,H2,TRUE,Box 5J,H2,TRUE,Box 5K,,,,,,,,
26AB_35_5X7Z,14/03/2026,Box 5A,H3,TRUE,Box 5B,H3,TRUE,Box 5C,H3,TRUE,Box 5D,,TRUE,Box 5E,H3,TRUE,Box 5F,H3,FALSE,Box 5G,H3,,Box 5H,H3,TRUE,Box 5I,H3,TRUE,Box 5J,H3,TRUE,Box 5K,,,,,,,,
26AB_36_6Y9A,16/03/2026,Box 5A,H4,TRUE,Box 5B,H4,TRUE,Box 5C,H4,TRUE,Box 5D,,TRUE,Box 5E,H4,TRUE,Box 5F,H4,FALSE,Box 5G,H4,,Box 5H,H4,TRUE,Box 5I,H4,TRUE,Box 5J,H4,TRUE,Box 5K,,,,,,,,
26AB_37_7ZOB,16/03/2026,Box 5A,H5,TRUE,Box 5B,H5,TRUE,Box 5C,H5,TRUE,Box 5D,,TRUE,Box 5E,H5,TRUE,Box 5F,H5,TRUE,Box 5G,H5,,Box 5H,H5,TRUE,Box 5I,H5,TRUE,Box 5J,H5,TRUE,Box 5K,,,,,,,,
26AB_38_8A1C,16/03/2026,Box 5A,H6,TRUE,Box 5B,H6,TRUE,Box 5C,H6,TRUE,Box 5D,,TRUE,Box 5E,H6,TRUE,Box 5F,H6,TRUE,Box 5G,H6,,Box 5H,H6,TRUE,Box 5I,H6,TRUE,Box 5J,H6,TRUE,Box 5K,,,,,,,,
26AB_39_9B2D,17/03/2026,Box 5A,H7,TRUE,Box 5B,H7,TRUE,Box 5C,H7,TRUE,Box 5D,,TRUE,Box 5E,H7,TRUE,Box 5F,H7,TRUE,Box 5G,H7,,Box 5H,H7,TRUE,Box 5I,H7,TRUE,Box 5J,H7,TRUE,Box 5K,,,,,,,,
26AB_40_0C3E,17/03/2026,Box 5A,H8,TRUE,Box 5B,H8,TRUE,Box 5C,H8,TRUE,Box 5D,,TRUE,Box 5E,H8,TRUE,Box 5F,H8,TRUE,Box 5G,H8,,Box 5H,H8,TRUE,Box 5I,H8,TRUE,Box 5J,H8,TRUE,Box 5K,,,,,,,,
26AB_41_1D4F,17/03/2026,Box 5A,H9,TRUE,Box 5B,H9,TRUE,Box 5C,H9,TRUE,Box 5D,,TRUE,Box 5E,H9,TRUE,Box 5F,H9,TRUE,Box 5G,H9,,Box 5H,H9,TRUE,Box 5I,H9,TRUE,Box 5J,H9,TRUE,Box 5K,,,,,,,,
26AB_42_2E5G,17/03/2026,Box 5A,I1,TRUE,Box 5B,I1,TRUE,Box 5C,I1,TRUE,Box 5D,,TRUE,Box 5E,I1,TRUE,Box 5F,I1,TRUE,Box 5G,I1,,Box 5H,I1,TRUE,Box 5I,I1,TRUE,Box 5J,I1,TRUE,Box 5K,,,,,,,,
26AB_43_3F6H,17/03/2026,Box 5A,I2,TRUE,Box 5B,I2,TRUE,Box 5C,I2,TRUE,Box 5D,,TRUE,Box 5E,I2,TRUE,Box 5F,I2,TRUE,Box 5G,I2,,Box 5H,I2,TRUE,Box 5I,I2,TRUE,Box 5J,I2,TRUE,Box 5K,,,,,,,,
26AB_44_4G7I,17/03/2026,Box 5A,I3,TRUE,Box 5B,I3,TRUE,Box 5C,I3,TRUE,Box 5D,,TRUE,Box 5E,I3,TRUE,Box 5F,I3,TRUE,Box 5G,I3,,Box 5H,I3,TRUE,Box 5I,I3,TRUE,Box 5J,I3,TRUE,Box 5K,,,,,,,TRUE,
26AB_45_5H8J,17/03/2026,Box 5A,I4,TRUE,Box 5B,I4,TRUE,Box 5C,I4,TRUE,Box 5D,,TRUE,Box 5E,I4,TRUE,Box 5F,I4,TRUE,Box 5G,I4,,Box 5H,I4,TRUE,Box 5I,I4,TRUE,Box 5J,I4,TRUE,Box 5K,,,,,,,,
26AB_46_6I9K,17/03/2026,Box 5A,I5,TRUE,Box 5B,I5,TRUE,Box 5C,I5,TRUE,Box 5D,,TRUE,Box 5E,I5,TRUE,Box 5F,I5,TRUE,Box 5G,I5,,Box 5H,I5,TRUE,Box 5I,I5,TRUE,Box 5J,I5,TRUE,Box 5K,,,,,,,,
26AB_47_7J0L,17/03/2026,Box 5A,I6,TRUE,Box 5B,I6,TRUE,Box 5C,I6,TRUE,Box 5D,,TRUE,Box 5E,I6,TRUE,Box 5F,I6,TRUE,Box 5G,I6,,Box 5H,I6,TRUE,Box 5I,I6,TRUE,Box 5J,I6,TRUE,Box 5K,,,,,,,,
26AB_48_8L2N,17/03/2026,Box 5A,I7,TRUE,Box 5B,I7,TRUE,Box 5C,I7,TRUE,Box 5D,,TRUE,Box 5E,I7,TRUE,Box 5F,I7,TRUE,Box 5G,I7,,Box 5H,I7,TRUE,Box 5I,I7,TRUE,Box 5J,I7,TRUE,Box 5K,,,,,,,,
26AB_49_9M30,17/03/2026,Box 5A,I8,TRUE,Box 5B,I8,TRUE,Box 5C,I8,TRUE,Box 5D,,TRUE,Box 5E,I8,TRUE,Box 5F,I8,TRUE,Box 5G,I8,,Box 5H,I8,TRUE,Box 5I,I8,TRUE,Box 5J,I8,TRUE,Box 5K,,,,,,,,
26AB_50_0N4P,17/03/2026,Box 5A,I9,TRUE,Box 5B,I9,TRUE,Box 5C,I9,TRUE,Box 5D,,TRUE,Box 5E,I9,TRUE,Box 5F,I9,TRUE,Box 5G,I9,,Box 5H,I9,TRUE,Box 5I,I9,TRUE,Box 5J,I9,TRUE,Box 5K,,,,,,,,
26AB_51,18/03/2026,Box 6A,A1,TRUE,Box 6B,A1,TRUE,Box 6C,A1,TRUE,Box 6D,,TRUE,Box 6E,A1,TRUE,Box 6F,A1,TRUE,Box 6G,A1,,Box 6H,A1,TRUE,Box 6I,A1,TRUE,Box 6J,A1,TRUE,Box 6K,,,,,,,,
26AB_52,18/03/2026,Box 6A,A2,TRUE,Box 6B,A2,TRUE,Box 6C,A2,TRUE,Box 6D,,TRUE,Box 6E,A2,TRUE,Box 6F,A2,TRUE,Box 5G,A2,,Box 6H,A2,TRUE,Box 6I,A2,TRUE,Box 6J,A2,TRUE,Box 6K,,,,,,,,
26AB_53,18/03/2026,Box 6A,A3,TRUE,Box 6B,A3,TRUE,Box 6C,A3,TRUE,Box 6D,,TRUE,Box 6E,A3,TRUE,Box 6F,A3,TRUE,Box 5G,A3,,Box 6H,A3,TRUE,Box 6I,A3,TRUE,Box 6J,A3,TRUE,Box 6K,,,,,,,,
26AB_54,18/03/2026,Box 6A,A4,TRUE,Box 6B,A4,TRUE,Box 6C,A4,TRUE,Box 6D,,TRUE,Box 6E,A4,TRUE,Box 6F,A4,TRUE,Box 5G,A4,,Box 6H,A4,TRUE,Box 6I,A4,TRUE,Box 6J,A4,TRUE,Box 6K,,,,,,,,
,,Box 6A,A5,,Box 6B,A5,,Box 6C,A5,,Box 6D,A5,,Box 6E,A5,,Box 6F,A5,,,A5,,Box 6H,A5,,Box 6I,A5,,Box 6J,A5,,,,,,,,,,"processed by melanie, will check with her asap"
,,Box 6A,A6,,Box 6B,A6,,Box 6C,A6,,Box 6D,A6,,Box 6E,A6,,Box 6F,A6,,,A6,,Box 6H,A6,,Box 6I,A6,,Box 6J,A6,,,,,,,,,,"processed by melanie, will check with her asap"
,,Box 6A,A7,,Box 6B,A7,,Box 6C,A7,,Box 6D,A7,,Box 6E,A7,,Box 6F,A7,,,A7,,Box 6H,A7,,Box 6I,A7,,Box 6J,A7,,,,,,,,,,"processed by melanie, will check with her asap"
,,Box 6A,A8,,Box 6B,A8,,Box 6C,A8,,Box 6D,A8,,Box 6E,A8,,Box 6F,A8,,,A8,,Box 6H,A8,,Box 6I,A8,,Box 6J,A8,,,,,,,,,,"processed by melanie, will check with her asap"
,,Box 6A,A9,,Box 6B,A9,,Box 6C,A9,,Box 6D,A9,,Box 6E,A9,,Box 6F,A9,,,A9,,Box 6H,A9,,Box 6I,A9,,Box 6J,A9,,,,,,,,,,"processed by melanie, will check with her asap"
,,Box 6A,B1,,Box 6B,B1,,Box 6C,B1,,Box 6D,B1,,Box 6E,B1,,Box 6F,B1,,,B1,,Box 6H,B1,,Box 6I,B1,,Box 6J,B1,,,,,,,,,,"processed by melanie, will check with her asap"
,,Box 6A,B2,,Box 6B,B2,,Box 6C,B2,,Box 6D,B2,,Box 6E,B2,,Box 6F,B2,,,B2,,Box 6H,B2,,Box 6I,B2,,Box 6J,B2,,,,,,,,,,"processed by melanie, will check with her asap"
26AC09_0D7E,11/05/2026,Box 6A,B3,TRUE,Box 6B,B3,TRUE,Box 6C,B3,TRUE,Box 6D,B3,TRUE,Box 6E,B3,TRUE,Box 6F,B3,TRUE,,B3,,Box 6H,B3,TRUE,Box 6I,B3,TRUE,Box 6J,B3,TRUE,,,,TRUE,TRUE,TRUE,FALSE,FALSE,
26AC10_6F9GÊ,12/05/2026,Box 6A,B4,TRUE,Box 6B,B4,TRUE,Box 6C,B4,TRUE,Box 6D,B4,TRUE,Box 6E,B4,TRUE,Box 6F,B4,TRUE,,B4,,Box 6H,B4,TRUE,Box 6I,B4,TRUE,Box 6J,B4,TRUE,,,,TRUE,TRUE,TRUE,FALSE,FALSE,
26AC11_2H4I,12/05/2026,Box 6A,B5,TRUE,Box 6B,B5,TRUE,Box 6C,B5,TRUE,Box 6D,B5,TRUE,Box 6E,B5,TRUE,Box 6F,B5,TRUE,,B5,,Box 6H,B5,TRUE,Box 6I,B5,TRUE,Box 6J,B5,FALSE,,,,TRUE,TRUE,TRUE,FALSE,FALSE,
26AC12_9J3KÊ,12/05/2026,Box 6A,B6,TRUE,Box 6B,B6,TRUE,Box 6C,B6,TRUE,Box 6D,B6,TRUE,Box 6E,B6,TRUE,Box 6F,B6,TRUE,,B6,,Box 6H,B6,TRUE,Box 6I,B6,TRUE,Box 6J,B6,TRUE,,,,TRUE,TRUE,TRUE,FALSE,FALSE,
26AC13_1L5MÊ,15/05/2026,Box 6A,B7,TRUE,Box 6B,B7,TRUE,Box 6C,B7,TRUE,Box 6D,B7,TRUE,Box 6E,B7,TRUE,Box 6F,B7,TRUE,,B7,,Box 6H,B7,TRUE,Box 6I,B7,TRUE,Box 6J,B7,TRUE,,,,FALSE,TRUE,TRUE,FALSE,FALSE,
26AC14_4N8O ,15/05/2026,Box 6A,B8,TRUE,Box 6B,B8,TRUE,Box 6C,B8,TRUE,Box 6D,B8,TRUE,Box 6E,B8,TRUE,Box 6F,B8,TRUE,,B8,,Box 6H,B8,TRUE,Box 6I,B8,TRUE,Box 6J,B8,TRUE,,,,TRUE,TRUE,TRUE,FALSE,FALSE,
26AC15_7P1QÊ,15/05/2026,Box 6A,B9,TRUE,Box 6B,B9,TRUE,Box 6C,B9,TRUE,Box 6D,B9,TRUE,Box 6E,B9,TRUE,Box 6F,B9,TRUE,,B9,,Box 6H,B9,TRUE,Box 6I,B9,TRUE,Box 6J,B9,TRUE,,,,TRUE,TRUE,TRUE,FALSE,TRUE,
26AC16_0R5SÊ,15/05/2026,Box 6A,C1,TRUE,Box 6B,C1,TRUE,Box 6C,C1,TRUE,Box 6D,C1,TRUE,Box 6E,C1,TRUE,Box 6F,C1,TRUE,,C1,,Box 6H,C1,TRUE,Box 6I,C1,TRUE,Box 6J,C1,TRUE,,,,TRUE,TRUE,TRUE,FALSE,FALSE,
26AC17_6T3UÊ,15/05/2026,Box 6A,C2,TRUE,Box 6B,C2,TRUE,Box 6C,C2,TRUE,Box 6D,C2,TRUE,Box 6E,C2,TRUE,Box 6F,C2,TRUE,,C2,,Box 6H,C2,TRUE,Box 6I,C2,TRUE,Box 6J,C2,TRUE,,,,TRUE,TRUE,TRUE,FALSE,TRUE,
26AC18_1V8WÊ,15/05/2026,Box 6A,C3,TRUE,Box 6B,C3,TRUE,Box 6C,C3,TRUE,Box 6D,C3,TRUE,Box 6E,C3,TRUE,Box 6F,C3,TRUE,,C3,,Box 6H,C3,TRUE,Box 6I,C3,TRUE,Box 6J,C3,TRUE,,,,TRUE,TRUE,TRUE,FALSE,FALSE,
26AC19_4X2YÊ,15/05/2026,Box 6A,C4,TRUE,Box 6B,C4,TRUE,Box 6C,C4,TRUE,Box 6D,C4,TRUE,Box 6E,C4,TRUE,Box 6F,C4,TRUE,,C4,,Box 6H,C4,TRUE,Box 6I,C4,TRUE,Box 6J,C4,TRUE,,,,TRUE,TRUE,TRUE,FALSE,FALSE,
26AC20_9Z5AÊ,15/05/2026,Box 6A,C5,TRUE,Box 6B,C5,TRUE,Box 6C,C5,TRUE,Box 6D,C5,TRUE,Box 6E,C5,TRUE,Box 6F,C5,TRUE,,C5,,Box 6H,C5,TRUE,Box 6I,C5,TRUE,Box 6J,C5,TRUE,,,,TRUE,TRUE,TRUE,FALSE,FALSE,
26AC21_3B7CÊ,15/05/2026,Box 6A,C6,TRUE,Box 6B,C6,TRUE,Box 6C,C6,TRUE,Box 6D,C6,TRUE,Box 6E,C6,TRUE,Box 6F,C6,TRUE,,C6,,Box 6H,C6,TRUE,Box 6I,C6,TRUE,Box 6J,C6,TRUE,,,,TRUE,TRUE,TRUE,FALSE,FALSE,
26AC22_8D0EÊ,15/05/2026,Box 6A,C7,TRUE,Box 6B,C7,TRUE,Box 6C,C7,TRUE,Box 6D,C7,TRUE,Box 6E,C7,TRUE,Box 6F,C7,TRUE,,C7,,Box 6H,C7,TRUE,Box 6I,C7,TRUE,Box 6J,C7,TRUE,,,,TRUE,TRUE,TRUE,FALSE,FALSE,
26AC23_5F9GÊ,15/05/2026,Box 6A,C8,TRUE,Box 6B,C8,TRUE,Box 6C,C8,TRUE,Box 6D,C8,TRUE,Box 6E,C8,TRUE,Box 6F,C8,TRUE,,C8,,Box 6H,C8,TRUE,Box 6I,C8,TRUE,Box 6J,C8,TRUE,,,,TRUE,TRUE,TRUE,FALSE,FALSE,
26AC24_2H6IÊ,16/05/2026,Box 6A,C9,TRUE,Box 6B,C9,TRUE,Box 6C,C9,TRUE,Box 6D,C9,TRUE,Box 6E,C9,TRUE,Box 6F,C9,TRUE,,C9,,Box 6H,C9,TRUE,Box 6I,C9,TRUE,Box 6J,C9,TRUE,,,,TRUE,TRUE,TRUE,FALSE,FALSE,
26AC25_0J4KÊ,16/05/2026,Box 6A,D1,TRUE,Box 6B,D1,TRUE,Box 6C,D1,TRUE,Box 6D,D1,TRUE,Box 6E,D1,TRUE,Box 6F,D1,TRUE,,D1,,Box 6H,D1,TRUE,Box 6I,D1,TRUE,Box 6J,D1,TRUE,,,,TRUE,TRUE,TRUE,FALSE,FALSE,
26AC26_7L1MÊ,16/05/2026,Box 6A,D2,TRUE,Box 6B,D2,TRUE,Box 6C,D2,TRUE,Box 6D,D2,TRUE,Box 6E,D2,TRUE,Box 6F,D2,TRUE,,D2,,Box 6H,D2,TRUE,Box 6I,D2,TRUE,Box 6J,D2,TRUE,,,,TRUE,TRUE,TRUE,FALSE,FALSE,
26AC27_3N8OÊ,16/05/2026,Box 6A,D3,TRUE,Box 6B,D3,TRUE,Box 6C,D3,TRUE,Box 6D,D3,TRUE,Box 6E,D3,TRUE,Box 6F,D3,TRUE,,D3,,Box 6H,D3,TRUE,Box 6I,D3,TRUE,Box 6J,D3,TRUE,,,,TRUE,TRUE,TRUE,FALSE,FALSE,
26AC28_9P5QÊ,16/05/2026,Box 6A,D4,TRUE,Box 6B,D4,TRUE,Box 6C,D4,TRUE,Box 6D,D4,TRUE,Box 6E,D4,TRUE,Box 6F,D4,TRUE,,D4,,Box 6H,D4,TRUE,Box 6I,D4,TRUE,Box 6J,D4,TRUE,,,,TRUE,TRUE,TRUE,FALSE,FALSE,
26AC29_2R0SÊ,16/05/2026,Box 6A,D5,TRUE,Box 6B,D5,TRUE,Box 6C,D5,TRUE,Box 6D,D5,TRUE,Box 6E,D5,TRUE,Box 6F,D5,TRUE,,D5,,Box 6H,D5,TRUE,Box 6I,D5,TRUE,Box 6J,D5,TRUE,,,,TRUE,TRUE,TRUE,FALSE,FALSE,
26AC30_8T4UÊ,16/05/2026,Box 6A,D6,TRUE,Box 6B,D6,TRUE,Box 6C,D6,TRUE,Box 6D,D6,TRUE,Box 6E,D6,TRUE,Box 6F,D6,TRUE,,D6,,Box 6H,D6,TRUE,Box 6I,D6,TRUE,Box 6J,D6,TRUE,,,,TRUE,TRUE,TRUE,FALSE,FALSE,
26AC31_1V3WÊ,16/05/2026,Box 6A,D7,TRUE,Box 6B,D7,TRUE,Box 6C,D7,TRUE,Box 6D,D7,TRUE,Box 6E,D7,TRUE,Box 6F,D7,TRUE,,D7,,Box 6H,D7,TRUE,Box 6I,D7,TRUE,Box 6J,D7,TRUE,,,,TRUE,TRUE,TRUE,FALSE,FALSE,
26AC32_6X7YÊ,16/05/2026,Box 6A,D8,TRUE,Box 6B,D8,TRUE,Box 6C,D8,TRUE,Box 6D,D8,TRUE,Box 6E,D8,TRUE,Box 6F,D8,TRUE,,D8,,Box 6H,D8,TRUE,Box 6I,D8,TRUE,Box 6J,D8,TRUE,,,,TRUE,TRUE,TRUE,FALSE,FALSE,
26AC33_0Z2AÊ,16/05/2026,Box 6A,D9,TRUE,Box 6B,D9,TRUE,Box 6C,D9,TRUE,Box 6D,D9,TRUE,Box 6E,D9,TRUE,Box 6F,D9,TRUE,,D9,,Box 6H,D9,TRUE,Box 6I,D9,TRUE,Box 6J,D9,TRUE,,,,TRUE,TRUE,TRUE,FALSE,FALSE,
26AC34_4B8CÊ,17/05/2026,Box 6A,E1,TRUE,Box 6B,E1,TRUE,Box 6C,E1,TRUE,Box 6D,E1,TRUE,Box 6E,E1,TRUE,Box 6F,E1,TRUE,,E1,,Box 6H,E1,TRUE,Box 6I,E1,TRUE,Box 6J,E1,TRUE,,,,TRUE,TRUE,TRUE,FALSE,FALSE,
26AC35_9D5EÊ,17/05/2026,Box 6A,E2,TRUE,Box 6B,E2,TRUE,Box 6C,E2,TRUE,Box 6D,E2,TRUE,Box 6E,E2,TRUE,Box 6F,E2,TRUE,,E2,,Box 6H,E2,TRUE,Box 6I,E2,TRUE,Box 6J,E2,TRUE,,,,TRUE,TRUE,TRUE,FALSE,FALSE,
26AC36_6F3GÊ,17/05/2026,Box 6A,E3,TRUE,Box 6B,E3,TRUE,Box 6C,E3,TRUE,Box 6D,E3,TRUE,Box 6E,E3,TRUE,Box 6F,E3,TRUE,,E3,,Box 6H,E3,TRUE,Box 6I,E3,TRUE,Box 6J,E3,TRUE,,,,TRUE,TRUE,TRUE,FALSE,FALSE,
26AC37_0H7IÊ,17/05/2026,Box 6A,E4,TRUE,Box 6B,E4,TRUE,Box 6C,E4,TRUE,Box 6D,E4,TRUE,Box 6E,E4,TRUE,Box 6F,E4,TRUE,,E4,,Box 6H,E4,TRUE,Box 6I,E4,TRUE,Box 6J,E4,TRUE,,,,TRUE,TRUE,TRUE,FALSE,FALSE,
26AC38_0N1OÊ,17/05/2026,Box 6A,E5,TRUE,Box 6B,E5,TRUE,Box 6C,E5,TRUE,Box 6D,E5,TRUE,Box 6E,E5,TRUE,Box 6F,E5,TRUE,,E5,,Box 6H,E5,TRUE,Box 6I,E5,TRUE,Box 6J,E5,TRUE,,,,TRUE,TRUE,TRUE,FALSE,FALSE,
26AC39_6P7QÊ,17/05/2026,Box 6A,E6,TRUE,Box 6B,E6,TRUE,Box 6C,E6,TRUE,Box 6D,E6,TRUE,Box 6E,E6,TRUE,Box 6F,E6,TRUE,,E6,,Box 6H,E6,TRUE,Box 6I,E6,TRUE,Box 6J,E6,TRUE,,,,TRUE,TRUE,TRUE,FALSE,FALSE,
26AC40_3R2SÊ,17/05/2026,Box 6A,E7,TRUE,Box 6B,E7,TRUE,Box 6C,E7,TRUE,Box 6D,E7,TRUE,Box 6E,E7,TRUE,Box 6F,E7,TRUE,,E7,,Box 6H,E7,TRUE,Box 6I,E7,TRUE,Box 6J,E7,TRUE,,,,TRUE,TRUE,TRUE,FALSE,FALSE,
26AC41_7T9UÊ,17/05/2026,Box 6A,E8,TRUE,Box 6B,E8,TRUE,Box 6C,E8,TRUE,Box 6D,E8,TRUE,Box 6E,E8,TRUE,Box 6F,E8,TRUE,,E8,,Box 6H,E8,TRUE,Box 6I,E8,TRUE,Box 6J,E8,TRUE,,,,TRUE,TRUE,TRUE,FALSE,FALSE,
26AC42_0V3WÊ,17/05/2026,Box 6A,E9,TRUE,Box 6B,E9,TRUE,Box 6C,E9,TRUE,Box 6D,E9,TRUE,Box 6E,E9,TRUE,Box 6F,E9,TRUE,,E9,,Box 6H,E9,TRUE,Box 6I,E9,TRUE,Box 6J,E9,TRUE,,,,TRUE,TRUE,TRUE,FALSE,FALSE,
26AC43_6X4YÊ,17/05/2026,Box 6A,F1,TRUE,Box 6B,F1,TRUE,Box 6C,F1,TRUE,Box 6D,F1,TRUE,Box 6E,F1,TRUE,Box 6F,F1,TRUE,,F1,,Box 6H,F1,TRUE,Box 6I,F1,TRUE,Box 6J,F1,TRUE,,,,TRUE,TRUE,TRUE,FALSE,FALSE,